user_nickname,last_celeb_chat_date,first_celeb_chat_date,celeb_chat_period,celeb_chat_week,celeb_chat_count,avg_celeb_chat,last_week_celeb_chat_count,celeb_chat_length,celeb_chat_avg_len,churn,celeb_joinus_date,celeb_type
(ã……Â´ Ë˜ `)â™¡,2022-11-17,2022-11-17,1,1,7,7.0,7,57.0,8.142857142857142,1,before 2022-09-04,churn_customer
102,2023-01-18,2023-01-17,2,1,4,4.0,4,26.0,6.5,0,2023-01-17,new_customer
104,2023-01-17,2023-01-17,1,1,1,1.0,1,2.0,2.0,0,2023-01-17,new_customer
105,2023-01-17,2023-01-17,1,1,13,13.0,13,144.0,11.076923076923077,0,2023-01-17,new_customer
106,2023-01-19,2023-01-17,3,1,9,9.0,9,48.0,5.333333333333333,0,2023-01-17,new_customer
107,2023-01-17,2023-01-17,1,1,1,1.0,1,2.0,2.0,0,2023-01-17,new_customer
108,2023-01-17,2023-01-17,1,1,1,1.0,1,2.0,2.0,0,2023-01-17,new_customer
10810,2023-01-18,2023-01-17,2,1,4,4.0,4,7.0,1.75,0,2023-01-17,new_customer
109,2023-01-19,2023-01-18,2,1,9,9.0,9,86.0,9.555555555555555,0,before 2022-09-04,new_customer
110,2023-01-19,2023-01-18,2,1,5,5.0,5,13.0,2.6,0,2023-01-18,new_customer
511,2022-10-05,2022-10-05,1,1,2,2.0,2,5.0,2.5,1,2022-10-05,churn_customer
512,2022-10-05,2022-10-05,1,1,2,2.0,2,3.0,1.5,1,2022-10-05,churn_customer
8,2023-01-20,2023-01-20,1,1,1,1.0,1,8.0,8.0,0,before 2022-09-04,new_customer
BJë¯¼í•˜_+,2022-12-20,2022-12-20,1,1,4,4.0,4,108.0,27.0,1,2022-12-20,churn_customer
Chu_a,2023-01-20,2022-11-26,56,8,964,120.5,81,8481.0,8.797717842323651,0,2022-11-26,mid_term
Coomo,2022-09-06,2022-09-06,1,1,1,1.0,1,1.0,1.0,1,before 2022-09-04,churn_customer
Cuha_íí•˜,2022-09-20,2022-09-20,1,1,2,2.0,2,55.0,27.5,1,before 2022-09-04,churn_customer
Eíš¨,2023-01-19,2022-12-28,23,4,3,0.75,2,44.0,14.666666666666666,0,2022-12-20,new_customer
GamZae BaW Lee SeonW,2023-01-15,2022-12-06,41,6,42,7.0,7,604.0,14.380952380952381,0,before 2022-09-04,mid_term
Kik5o,2022-10-19,2022-10-13,7,1,54,54.0,54,1791.0,33.166666666666664,1,before 2022-09-04,churn_customer
KoreAlo,2022-11-12,2022-11-12,1,1,9,9.0,9,195.0,21.666666666666668,1,2022-11-12,churn_customer
LAO,2022-12-22,2022-12-12,11,2,802,401.0,317,15838.0,19.748129675810475,1,2022-12-12,churn_customer
LAO(ë¼ì˜¤),2023-01-20,2022-12-22,30,5,616,123.2,57,13913.0,22.586038961038962,0,before 2022-09-04,new_customer
Martina Rose,2022-11-01,2022-09-17,46,7,420,60.0,3,6019.0,14.33095238095238,1,2022-09-17,churn_customer
NCìˆ˜ì¥ìœ„ëŒ€í•˜ì´,2022-12-14,2022-12-14,1,1,1,1.0,1,8.0,8.0,1,2022-10-29,churn_customer
New,2022-12-07,2022-11-30,8,2,233,116.5,232,2131.0,9.145922746781116,1,before 2022-09-04,churn_customer
Npick,2022-09-13,2022-09-13,1,1,1,1.0,1,2.0,2.0,1,before 2022-09-04,churn_customer
NpickJudy,2022-09-13,2022-09-13,1,1,1,1.0,1,2.0,2.0,1,before 2022-09-04,churn_customer
O,2023-01-08,2023-01-07,2,1,9,9.0,9,185.0,20.555555555555557,1,2023-01-07,churn_customer
TANSEONG,2022-11-28,2022-11-28,1,1,1,1.0,1,28.0,28.0,1,before 2022-09-04,churn_customer
Yeonwoo15,2022-09-09,2022-09-07,3,1,41,41.0,41,1926.0,46.97560975609756,1,before 2022-09-04,churn_customer
Yewon,2023-01-20,2022-09-13,130,19,28771,1514.26,735,249260.0,8.663584859754614,0,before 2022-09-04,long_term
[ ğŸ’ì²´ë¦¬ë¦½ìŠ¤ğŸ’ ]POTTS,2023-01-18,2023-01-18,1,1,74,74.0,74,962.0,13.0,0,2023-01-18,new_customer
_ê¹€ìœ ë©”_,2022-10-17,2022-09-04,44,7,22,3.14,1,701.0,31.863636363636363,1,before 2022-09-04,churn_customer
_ë„¤ë¦°,2023-01-20,2022-09-23,120,18,2133,118.5,217,39451.0,18.495546179090482,0,before 2022-09-04,long_term
_ë‘ë¶€ì•¼_,2023-01-05,2022-09-04,124,18,24,1.33,14,570.0,23.75,1,before 2022-09-04,churn_customer
_ë³´ì•¼,2023-01-20,2022-12-19,33,5,1848,369.6,74,28666.0,15.511904761904763,0,2022-12-19,new_customer
_ì„¸í˜„,2022-12-13,2022-09-05,100,15,46,3.07,1,494.0,10.73913043478261,1,before 2022-09-04,churn_customer
_ì§€ì›…,2022-11-23,2022-11-18,6,1,28,28.0,28,215.0,7.678571428571429,1,2022-11-10,churn_customer
_ì°Œë¯¸,2022-12-30,2022-09-04,118,17,45,2.65,1,722.0,16.044444444444444,1,before 2022-09-04,churn_customer
_ìº¡ì‚¬ì´ì‹ _,2022-11-23,2022-09-04,81,12,11,0.92,2,274.0,24.90909090909091,1,before 2022-09-04,churn_customer
_ì½”íˆ,2023-01-20,2022-09-08,135,20,6038,301.9,442,80703.0,13.365849619079166,0,before 2022-09-04,long_term
_í•´ì‚¬,2023-01-20,2022-11-14,68,10,2048,204.8,89,36525.0,17.83447265625,0,before 2022-09-04,mid_term
_í‘ê°•_,2022-09-07,2022-09-07,1,1,1,1.0,1,44.0,44.0,1,before 2022-09-04,churn_customer
bbbbbb,2022-12-04,2022-12-04,1,1,2,2.0,2,5.0,2.5,1,2022-12-04,churn_customer
cel1,2022-09-13,2022-09-13,1,1,14,14.0,14,220.0,15.714285714285714,1,2022-09-13,churn_customer
cel1ë³´í†µ7ê¸€ì,2022-09-19,2022-09-19,1,1,6,6.0,6,65.0,10.833333333333334,1,before 2022-09-04,churn_customer
cel2,2022-09-15,2022-09-13,3,1,29,29.0,29,269.0,9.275862068965518,1,2022-09-13,churn_customer
cel2ì…€ì´ë‹¹ì‹ ì˜ì¹œêµ¬ì„¸ë¦¬,2022-09-20,2022-09-20,1,1,1,1.0,1,5.0,5.0,1,before 2022-09-04,churn_customer
cel3,2022-09-18,2022-09-13,6,1,11,11.0,11,59.0,5.363636363636363,1,2022-09-13,churn_customer
cel4. ë¯¸í™•ì¸í…ŒìŠ¤íŠ¸,2022-09-13,2022-09-13,1,1,3,3.0,3,51.0,17.0,1,2022-09-13,churn_customer
cel5ë¯¸í™•ì¸í…ŒìŠ¤íŠ¸,2022-09-13,2022-09-13,1,1,4,4.0,4,53.0,13.25,1,2022-09-13,churn_customer
celâ˜¹ï¸111111,2022-09-19,2022-09-19,1,1,4,4.0,4,102.0,25.5,1,2022-09-19,churn_customer
cha18ting,2022-10-16,2022-09-20,27,4,85,21.25,3,565.0,6.647058823529412,1,2022-09-20,churn_customer
cha23ting,2022-11-30,2022-11-30,1,1,1,1.0,1,4.0,4.0,1,2022-10-26,churn_customer
cha24ting,2022-12-05,2022-11-19,17,3,5,1.67,2,110.0,22.0,1,2022-11-19,churn_customer
cha25ting,2022-11-30,2022-11-30,1,1,8,8.0,8,44.0,5.5,1,2022-11-30,churn_customer
cha26ting,2022-12-05,2022-12-05,1,1,9,9.0,9,626.0,69.55555555555556,1,2022-12-05,churn_customer
dnjdjsj,2022-09-28,2022-09-28,1,1,1,1.0,1,1.0,1.0,1,2022-09-28,churn_customer
gamjaebaW,2022-11-23,2022-11-06,18,3,43,14.33,13,514.0,11.953488372093023,1,2022-11-06,churn_customer
gsh,2022-09-17,2022-09-17,1,1,2,2.0,2,12.0,6.0,1,before 2022-09-04,churn_customer
ko_moong,2022-09-06,2022-09-04,3,1,20,20.0,20,118.0,5.9,1,before 2022-09-04,churn_customer
mc509,2022-10-05,2022-10-05,1,1,5,5.0,5,18.0,3.6,1,2022-10-05,churn_customer
mcel01,2022-11-08,2022-09-15,55,8,371,46.38,38,3414.0,9.202156334231805,1,before 2022-09-04,churn_customer
mcel01z1!âœ¨ï¸,2022-09-22,2022-09-22,1,1,43,43.0,43,907.0,21.093023255813954,1,before 2022-09-04,churn_customer
mcel02,2022-11-30,2022-09-20,72,11,352,32.0,43,3159.0,8.974431818181818,1,before 2022-09-04,churn_customer
mcel02z1!ğŸ˜€,2022-09-22,2022-09-22,1,1,24,24.0,24,179.0,7.458333333333333,1,before 2022-09-04,churn_customer
mcel30,2022-09-22,2022-09-20,3,1,49,49.0,49,1140.0,23.26530612244898,1,before 2022-09-04,churn_customer
mcel30z1!ğŸ˜¯,2022-11-29,2022-09-27,64,10,17,1.7,6,58.0,3.411764705882353,1,before 2022-09-04,churn_customer
mcel40,2022-11-19,2022-10-23,28,4,50,12.5,3,199.0,3.98,1,2022-09-20,churn_customer
mcel41,2022-11-19,2022-09-29,52,8,30,3.75,29,355.0,11.833333333333334,1,2022-09-22,churn_customer
mcel43,2022-10-05,2022-10-05,1,1,2,2.0,2,3.0,1.5,1,2022-10-05,churn_customer
mcel44,2022-10-05,2022-10-05,1,1,1,1.0,1,4.0,4.0,1,2022-10-05,churn_customer
mcel45,2022-10-05,2022-10-05,1,1,5,5.0,5,95.0,19.0,1,2022-10-05,churn_customer
mcel49,2022-10-19,2022-10-17,3,1,23,23.0,23,260.0,11.304347826086957,1,2022-10-17,churn_customer
mcel505,2022-12-02,2022-11-23,10,2,39,19.5,17,183.0,4.6923076923076925,1,before 2022-09-04,churn_customer
mcel506,2022-10-05,2022-10-05,1,1,5,5.0,5,157.0,31.4,1,2022-10-05,churn_customer
mcel508,2022-10-05,2022-10-05,1,1,4,4.0,4,9.0,2.25,1,2022-10-05,churn_customer
mcel510,2022-11-22,2022-10-05,49,7,24,3.43,20,298.0,12.416666666666666,1,2022-10-05,churn_customer
mcel513,2022-11-17,2022-11-17,1,1,2,2.0,2,4.0,2.0,1,2022-11-17,churn_customer
mcel52,2022-12-05,2022-10-24,43,7,239,34.14,89,2179.0,9.117154811715482,1,2022-10-24,churn_customer
mcel52!!,2022-12-27,2022-12-05,23,4,221,55.25,1,1446.0,6.542986425339366,1,before 2022-09-04,churn_customer
mcel520,2023-01-02,2022-12-14,20,3,20,6.67,14,676.0,33.8,1,2022-11-23,churn_customer
mcel53,2022-11-19,2022-10-24,27,4,56,14.0,7,278.0,4.964285714285714,1,2022-10-24,churn_customer
mcel58,2022-12-27,2022-12-27,1,1,9,9.0,9,61.0,6.777777777777778,1,2022-11-19,churn_customer
mentionmansion,2022-10-25,2022-10-25,1,1,1,1.0,1,7.0,7.0,1,2022-10-25,churn_customer
mintë¯¼íŠ¸,2022-12-31,2022-09-04,119,17,50,2.94,2,1276.0,25.52,1,before 2022-09-04,churn_customer
nobleasmr,2022-10-14,2022-09-15,30,5,3,0.6,1,22.0,7.333333333333333,1,before 2022-09-04,churn_customer
sd,2022-11-30,2022-09-14,78,12,7,0.58,5,57.0,8.142857142857142,1,before 2022-09-04,churn_customer
tcel100,2023-01-17,2023-01-17,1,1,6,6.0,6,21.0,3.5,0,before 2022-09-04,new_customer
tcel1ì…ë‹ˆë‹¤ìš”,2023-01-17,2023-01-16,2,1,3,3.0,3,17.0,5.666666666666667,0,2023-01-16,new_customer
tcel5,2023-01-18,2023-01-17,2,1,6,6.0,6,35.0,5.833333333333333,0,2023-01-17,new_customer
tcel6,2023-01-18,2023-01-18,1,1,2,2.0,2,7.0,3.5,0,2023-01-18,new_customer
tcel7,2023-01-18,2023-01-18,1,1,1,1.0,1,2.0,2.0,0,2023-01-17,new_customer
tcel9,2023-01-19,2023-01-19,1,1,1,1.0,1,2.0,2.0,0,2023-01-19,new_customer
tpro,2023-01-18,2023-01-18,1,1,1,1.0,1,3.0,3.0,0,2023-01-18,new_customer
z(*Ë™ï¸¶Ë™*)â˜†*Â°ë¾°ë¡œë¡±,2022-11-18,2022-11-18,1,1,1,1.0,1,15.0,15.0,1,before 2022-09-04,churn_customer
z_ë„ˆêµ¬ë¦¬êµ¬ë¦¬,2022-12-12,2022-10-30,44,7,34,4.86,7,305.0,8.970588235294118,1,before 2022-09-04,churn_customer
z_ë„ˆêµ¬ë¦¬êµ¬ë¦¬ì…€,2022-10-19,2022-09-20,30,5,159,31.8,138,424.0,2.6666666666666665,1,before 2022-09-04,churn_customer
zzzzz519,2022-12-02,2022-12-02,1,1,32,32.0,32,50.0,1.5625,1,2022-11-23,churn_customer
|í¬ì˜ë‘|,2022-09-08,2022-09-08,1,1,16,16.0,16,113.0,7.0625,1,before 2022-09-04,churn_customer
â˜€ï¸ì¥¬,2022-12-27,2022-12-07,21,3,245,81.67,32,3127.0,12.763265306122449,1,2022-12-07,churn_customer
âš ï¸ì•„ë¬´ë‚˜ ì™€ì„œ í…ŒìŠ¤íŠ¸í•´ë³´ëŠ”ë°©âš ï¸,2022-09-06,2022-09-05,2,1,3,3.0,3,91.0,30.333333333333332,1,before 2022-09-04,churn_customer
âœ¨ì†Œëˆ„í‚¤ Sonookiii,2023-01-20,2022-11-24,58,9,1577,175.22,166,24338.0,15.433100824350031,0,before 2022-09-04,mid_term
â¤ï¸ko_moong (ì½”ë­‰),2022-10-28,2022-09-21,38,6,47,7.83,5,283.0,6.0212765957446805,1,before 2022-09-04,churn_customer
â¤ï¸ë§ˆìŠ¤â¤ï¸,2022-11-09,2022-11-06,4,1,2,2.0,2,20.0,10.0,1,2022-10-31,churn_customer
â¤ï¸ì´ˆì´ë‘CHOIRANGâ¤ï¸,2023-01-16,2022-10-14,95,14,74,5.29,5,1836.0,24.81081081081081,0,before 2022-09-04,mid_term
ã„±ã…ã…ã…ˆã…ã…‚ã…ã…‡ã…œ,2022-12-01,2022-11-24,8,2,8,4.0,5,104.0,13.0,1,2022-11-23,churn_customer
ã†ë¨€ì‹œë¡œã†,2022-09-19,2022-09-04,16,3,220,73.33,28,2984.0,13.563636363636364,1,before 2022-09-04,churn_customer
æå°ç™½,2022-12-11,2022-12-11,1,1,2,2.0,2,6.0,3.0,1,2022-12-11,churn_customer
ê°€ê°€ê°€ê°€ê°€ê°€ê°€ê°€ê°€ê°€ê°€ê°€ê°€ê°€ê°€ê°€ê°€ê°€ê°€ê°€,2023-01-18,2023-01-18,1,1,2,2.0,2,4.0,2.0,0,before 2022-09-04,new_customer
ê°€ìŠ¤ë§¨,2023-01-19,2022-11-01,80,12,916,76.33,30,7258.0,7.923580786026201,0,before 2022-09-04,mid_term
ê°€ì•„,2022-09-27,2022-09-04,24,4,8,2.0,1,70.0,8.75,1,before 2022-09-04,churn_customer
ê°€í˜„~,2023-01-08,2023-01-07,2,1,71,71.0,71,618.0,8.704225352112676,1,2023-01-07,churn_customer
ê°ê°ğŸ‘€ğŸ’™,2022-11-22,2022-11-11,12,2,37,18.5,5,965.0,26.08108108108108,1,2022-11-11,churn_customer
ê°“ë¦¬íƒ€,2022-09-18,2022-09-04,15,3,182,60.67,88,3395.0,18.653846153846153,1,before 2022-09-04,churn_customer
ê°•ë¯¸ë¯¸_,2023-01-01,2022-09-19,105,15,360,24.0,8,1953.0,5.425,1,before 2022-09-04,churn_customer
ê°•í•˜ë¡œ,2022-12-05,2022-12-05,1,1,3,3.0,3,69.0,23.0,1,2022-11-23,churn_customer
ê°•í¬ë˜,2022-11-23,2022-09-04,81,12,1852,154.33,330,29561.0,15.961663066954644,1,before 2022-09-04,churn_customer
ê°±ê°±__,2022-09-23,2022-09-23,1,1,3,3.0,3,41.0,13.666666666666666,1,before 2022-09-04,churn_customer
ê°±ë§˜,2023-01-16,2022-09-04,135,20,242,12.1,25,2537.0,10.483471074380166,0,before 2022-09-04,long_term
ê±´ë‹´__,2023-01-20,2023-01-12,9,2,222,111.0,210,4071.0,18.33783783783784,0,before 2022-09-04,new_customer
ê±´ìš°,2023-01-01,2022-12-23,10,2,22,11.0,6,141.0,6.409090909090909,1,2022-12-23,churn_customer
ê±´ì›,2023-01-20,2022-11-18,64,10,484,48.4,73,9917.0,20.489669421487605,0,2022-11-18,mid_term
ê²€ì€í† ë¼,2023-01-20,2023-01-19,2,1,4,4.0,4,66.0,16.5,0,2023-01-19,new_customer
ê²Œë Œ,2023-01-18,2022-12-27,23,4,213,53.25,23,5173.0,24.28638497652582,0,2022-12-27,new_customer
ê²¨ìš°ë””,2023-01-20,2022-09-05,138,20,1797,89.85,86,28433.0,15.822481914301614,0,before 2022-09-04,long_term
ê³ ëƒ¥,2023-01-20,2022-09-04,139,20,1056,52.8,162,15547.0,14.722537878787879,0,before 2022-09-04,long_term
ê³ ëŒ€ë¼ì•„ë¦¬,2022-12-20,2022-09-05,107,16,92,5.75,2,1335.0,14.51086956521739,1,before 2022-09-04,churn_customer
ê³ ë„ëŒ,2022-12-09,2022-09-05,96,14,40,2.86,1,650.0,16.25,1,before 2022-09-04,churn_customer
ê³ ë­ì´,2022-12-22,2022-09-21,93,14,1102,78.71,6,15739.0,14.282214156079855,1,before 2022-09-04,churn_customer
ê³ ë§ìˆ™,2023-01-20,2022-10-25,88,13,1509,116.08,163,20918.0,13.862160371106693,0,2022-10-25,mid_term
ê³ ë®¬,2022-09-12,2022-09-12,1,1,3,3.0,3,20.0,6.666666666666667,1,before 2022-09-04,churn_customer
ê³ ìš” Goyo,2022-10-14,2022-09-04,41,6,53,8.83,6,785.0,14.81132075471698,1,before 2022-09-04,churn_customer
ê³ ìš´ë³„,2022-12-02,2022-11-29,4,1,27,27.0,27,371.0,13.74074074074074,1,2022-11-27,churn_customer
ê³ ìœ ì‚¬,2023-01-18,2022-09-29,112,16,920,57.5,47,20138.0,21.889130434782608,0,2022-09-28,long_term
ê³¨ë¬´777,2022-11-24,2022-09-11,75,11,35,3.18,5,962.0,27.485714285714284,1,before 2022-09-04,churn_customer
ê³°ì•„ë¦°,2022-10-30,2022-10-02,29,5,49,9.8,8,787.0,16.06122448979592,1,2022-10-02,churn_customer
ê³µë¶€í•˜ëŠ” ë°±ì„¤ê¸°,2022-09-24,2022-09-22,3,1,16,16.0,16,158.0,9.875,1,before 2022-09-04,churn_customer
ê³µë¶€í•˜ëŠ”ì­ˆ,2022-11-29,2022-11-29,1,1,2,2.0,2,10.0,5.0,1,before 2022-09-04,churn_customer
ê³µì•„í˜„,2023-01-03,2022-09-12,114,17,187,11.0,1,2398.0,12.823529411764707,1,before 2022-09-04,churn_customer
ê³µì´,2023-01-02,2022-12-02,32,5,59,11.8,12,157.0,2.6610169491525424,1,before 2022-09-04,churn_customer
êµ¥ì•„ë‹˜,2022-12-25,2022-10-25,62,9,267,29.67,2,5015.0,18.782771535580526,1,2022-10-25,churn_customer
êµ¥ì´,2023-01-14,2022-09-04,133,19,55,2.89,13,734.0,13.345454545454546,0,before 2022-09-04,long_term
êµ¬ë…,2023-01-13,2023-01-13,1,1,1,1.0,1,2.0,2.0,0,2023-01-13,new_customer
ê·€ìš¤íš¨ë‹ë€¨,2022-09-21,2022-09-18,4,1,15,15.0,15,184.0,12.266666666666667,1,before 2022-09-04,churn_customer
ê·œì—°,2022-09-14,2022-09-11,4,1,24,24.0,24,324.0,13.5,1,before 2022-09-04,churn_customer
ê·¤ë‹¬ì•„,2023-01-20,2022-10-01,112,16,518,32.38,2,7118.0,13.741312741312742,0,before 2022-09-04,long_term
ê¸€ë¼ì„¸,2023-01-20,2022-09-16,127,19,5310,279.47,247,106297.0,20.018267419962335,0,before 2022-09-04,long_term
ê¸ˆì†”,2023-01-20,2022-09-04,139,20,1364,68.2,4,16395.0,12.019794721407624,0,before 2022-09-04,long_term
ê¸°ë˜ë¯¼,2022-11-27,2022-09-04,85,13,2497,192.08,184,36415.0,14.58350020024029,1,before 2022-09-04,churn_customer
ê¸°ë§ˆí¥,2022-12-12,2022-11-17,26,4,25,6.25,1,587.0,23.48,1,2022-11-16,churn_customer
ê¸°ì—¼ë‘¥ì´,2022-11-08,2022-10-06,34,5,83,16.6,26,787.0,9.481927710843374,1,2022-10-06,churn_customer
ê¹€ê°€ë£¨,2022-09-17,2022-09-17,1,1,1,1.0,1,25.0,25.0,1,before 2022-09-04,churn_customer
ê¹€ë„¤ë¡œ,2023-01-20,2022-11-15,67,10,498,49.8,21,9353.0,18.781124497991968,0,2022-11-15,mid_term
ê¹€ë‰´ëŠ‰,2022-11-08,2022-09-15,55,8,106,13.25,18,3147.0,29.68867924528302,1,before 2022-09-04,churn_customer
ê¹€ëª½ëŒ€,2023-01-19,2022-10-16,96,14,1340,95.71,157,24455.0,18.25,0,2022-10-04,mid_term
ê¹€ëª½í•˜,2022-11-30,2022-11-22,9,2,62,31.0,16,455.0,7.338709677419355,1,2022-11-22,churn_customer
ê¹€ë´„ì´,2023-01-19,2022-09-04,138,20,290,14.5,66,4594.0,15.841379310344827,0,before 2022-09-04,long_term
ê¹€ì„¤í•˜,2023-01-18,2022-09-04,137,20,1145,57.25,6,14943.0,13.05065502183406,0,before 2022-09-04,long_term
ê¹€ì„¸í”¼,2023-01-06,2022-09-04,125,18,119,6.61,15,1845.0,15.504201680672269,1,before 2022-09-04,churn_customer
ê¹€ìŠˆë£¹,2023-01-18,2022-09-04,137,20,501,25.05,13,8420.0,16.806387225548903,0,before 2022-09-04,long_term
ê¹€ì”¨í• ë§¤,2022-09-08,2022-09-08,1,1,9,9.0,9,234.0,26.0,1,before 2022-09-04,churn_customer
ê¹€ì–¼ë ,2022-10-16,2022-10-16,1,1,2,2.0,2,32.0,16.0,1,2022-10-10,churn_customer
ê¹€ì¨°,2023-01-20,2022-09-04,139,20,1934,96.7,32,27463.0,14.20010341261634,0,before 2022-09-04,long_term
ê¹€ì´ˆì›”,2023-01-13,2022-09-06,130,19,296,15.58,29,4403.0,14.875,0,before 2022-09-04,long_term
ê¹€í† ë•…,2023-01-19,2023-01-19,1,1,4,4.0,4,71.0,17.75,0,2023-01-19,new_customer
ê¹€íŒ¬ì‹œ,2022-11-28,2022-09-04,86,13,154,11.85,1,1288.0,8.363636363636363,1,before 2022-09-04,churn_customer
ê¹€í•˜ë…¸_,2022-10-08,2022-09-04,35,5,11,2.2,4,130.0,11.818181818181818,1,before 2022-09-04,churn_customer
ê¹€í–¥ë‹¨,2023-01-20,2022-09-28,115,17,917,53.94,17,14598.0,15.919302071973828,0,2022-09-28,long_term
ê¹€í™€ë¦­,2023-01-20,2022-09-13,130,19,2131,112.16,132,29562.0,13.872360394181136,0,before 2022-09-04,long_term
ê¹…ì˜ˆì†”,2022-11-20,2022-10-28,24,4,284,71.0,11,3039.0,10.700704225352112,1,2022-10-28,churn_customer
ê¹ì´ˆì˜¤,2022-10-13,2022-10-13,1,1,1,1.0,1,4.0,4.0,1,before 2022-09-04,churn_customer
ê¹¡ë§ˆ,2022-11-11,2022-10-12,31,5,3,0.6,1,6.0,2.0,1,before 2022-09-04,churn_customer
ê¼°ë„¤,2022-09-23,2022-09-10,14,2,5,2.5,1,70.0,14.0,1,before 2022-09-04,churn_customer
ê¾¸ì•¼,2023-01-20,2023-01-08,13,2,106,53.0,60,3582.0,33.79245283018868,0,2023-01-07,new_customer
ê¿€ë¹µì§€,2022-11-25,2022-11-14,12,2,396,198.0,283,4968.0,12.545454545454545,1,2022-11-07,churn_customer
ë€¨ì•Œ2,2023-01-19,2022-12-15,36,6,76,12.67,23,1316.0,17.31578947368421,0,2022-12-15,mid_term
ë‚˜ë‚˜ì´ˆ_,2022-11-10,2022-11-10,1,1,2,2.0,2,24.0,12.0,1,before 2022-09-04,churn_customer
ë‚˜ëŠ”ë£¨ë‹¤,2023-01-20,2022-10-19,94,14,3536,252.57,100,29285.0,8.28195701357466,0,2022-10-19,mid_term
ë‚˜ëŠ”ì•¼ê¼¬ë“±ì–´,2023-01-20,2022-09-04,139,20,1980,99.0,140,32004.0,16.163636363636364,0,before 2022-09-04,long_term
ë‚˜ë¥œãªã‚Šã‚…ã‚“,2022-12-16,2022-12-13,4,1,18,18.0,18,123.0,6.833333333333333,1,before 2022-09-04,churn_customer
ë‚˜ë¦¬,2023-01-09,2022-11-17,54,8,34,4.25,4,966.0,28.41176470588235,1,2022-11-17,churn_customer
ë‚˜ë¸Œ,2022-10-19,2022-10-19,1,1,2,2.0,2,139.0,69.5,1,before 2022-09-04,churn_customer
ë‚˜ì˜¤,2022-11-10,2022-09-12,60,9,173,19.22,2,3167.0,18.30635838150289,1,before 2022-09-04,churn_customer
ë‚˜ìœ¤,2023-01-20,2022-09-06,137,20,3936,196.8,127,67079.0,17.04242886178862,0,before 2022-09-04,long_term
ë‚˜ì„,2022-10-06,2022-09-19,18,3,30,10.0,5,453.0,15.1,1,before 2022-09-04,churn_customer
ë‚˜ì½”,2022-09-27,2022-09-27,1,1,1,1.0,1,65.0,65.0,1,before 2022-09-04,churn_customer
ë‚™ì°Œ,2023-01-20,2022-10-07,106,16,1534,95.88,16,46476.0,30.297262059973924,0,2022-09-29,long_term
ë‚œë°”ë‹¤,2022-09-17,2022-09-17,1,1,2,2.0,2,28.0,14.0,1,before 2022-09-04,churn_customer
ë‚œí˜„,2023-01-20,2022-09-16,127,19,497,26.16,68,5880.0,11.830985915492958,0,before 2022-09-04,long_term
ë‚¨ê·¹ì„,2023-01-18,2022-12-10,40,6,150,25.0,18,3315.0,22.1,0,2022-12-09,mid_term
ëƒ¥ê°±,2022-11-09,2022-11-09,1,1,1,1.0,1,7.0,7.0,1,before 2022-09-04,churn_customer
ëƒ¥ë¬´ë„ˆ,2022-11-27,2022-09-04,85,13,366,28.15,22,5192.0,14.185792349726777,1,before 2022-09-04,churn_customer
ëƒ¥ìŠ¬,2023-01-16,2022-12-06,42,6,280,46.67,28,6403.0,22.867857142857144,0,2022-12-06,mid_term
ë„ˆêµ¬ë¦¬ì…€,2022-09-05,2022-09-04,2,1,3,3.0,3,87.0,29.0,1,before 2022-09-04,churn_customer
ë„ˆêµ¬ë¦¬ì…€2,2022-09-19,2022-09-05,15,3,10,3.33,1,161.0,16.1,1,before 2022-09-04,churn_customer
ë„¤ë„´ì´,2023-01-20,2022-09-04,139,20,197,9.85,4,2871.0,14.573604060913706,0,before 2022-09-04,long_term
ë„¤ë¯€ë‹˜,2023-01-17,2022-09-12,128,19,6091,320.58,45,182529.0,29.967000492529962,0,before 2022-09-04,long_term
ë„¤ì˜¨ë‹¬,2022-12-11,2022-12-11,1,1,1,1.0,1,11.0,11.0,1,2022-12-11,churn_customer
ë„´ì¼€,2023-01-20,2022-09-10,133,19,164,8.63,9,2024.0,12.341463414634147,0,before 2022-09-04,long_term
ë†ë†,2022-09-05,2022-09-05,1,1,5,5.0,5,62.0,12.4,1,before 2022-09-04,churn_customer
ëˆˆëˆ„ë‚¨ê·œ,2022-12-24,2022-09-07,109,16,56,3.5,3,1624.0,29.0,1,before 2022-09-04,churn_customer
ë‰´ë‚˜ë‘,2023-01-20,2022-09-09,134,20,1193,59.65,63,41558.0,34.834870075440065,0,before 2022-09-04,long_term
ë‹¤ì •ë‹˜,2022-09-15,2022-09-05,11,2,37,18.5,10,611.0,16.513513513513512,1,before 2022-09-04,churn_customer
ë‹¨,2022-11-15,2022-10-15,32,5,238,47.6,43,2576.0,10.823529411764707,1,2022-10-15,churn_customer
ë‹¨ì•„ëª½,2023-01-20,2022-12-28,24,4,629,157.25,169,8427.0,13.397456279809221,0,2022-12-28,new_customer
ë‹¨ì—¬ìš¸,2023-01-19,2022-10-04,108,16,788,49.25,13,8349.0,10.595177664974619,0,2022-10-04,long_term
ë‹¨íŒ¡íŒ¡,2023-01-14,2022-10-19,88,13,174,13.38,8,4845.0,27.844827586206897,0,before 2022-09-04,mid_term
ë‹¨í’ë¹„,2022-10-27,2022-09-11,47,7,37,5.29,1,431.0,11.64864864864865,1,before 2022-09-04,churn_customer
ë‹¬ë¹„,2023-01-19,2022-12-24,27,4,145,36.25,25,2997.0,20.66896551724138,0,2022-12-24,new_customer
ë‹¬ë¹„ë‹ˆ,2023-01-20,2023-01-06,15,3,165,55.0,53,2066.0,12.521212121212121,0,2023-01-06,new_customer
ë‹´ì•„ì„œ,2022-10-10,2022-09-11,30,5,11,2.2,3,181.0,16.454545454545453,1,before 2022-09-04,churn_customer
ë‹¹ë³´,2022-11-18,2022-10-23,27,4,7,1.75,6,137.0,19.571428571428573,1,before 2022-09-04,churn_customer
ëŒ€ë§ˆì™•,2023-01-17,2022-09-05,135,20,19,0.95,1,196.0,10.31578947368421,0,before 2022-09-04,long_term
ëŒ€ë§ˆì™•2,2022-09-19,2022-09-11,9,2,7,3.5,1,15.0,2.142857142857143,1,before 2022-09-04,churn_customer
ëŒ€ë§ˆì™•ì…€,2022-11-29,2022-09-18,73,11,9,0.82,1,74.0,8.222222222222221,1,before 2022-09-04,churn_customer
ëŒ€ì¥ë‚˜ë¬´,2022-12-22,2022-09-04,110,16,52,3.25,2,749.0,14.403846153846153,1,before 2022-09-04,churn_customer
ë´ì¼€ì´,2022-09-08,2022-09-05,4,1,7,7.0,7,98.0,14.0,1,before 2022-09-04,churn_customer
ë°ì¦ˆ,2022-10-13,2022-10-13,1,1,1,1.0,1,15.0,15.0,1,before 2022-09-04,churn_customer
ë„ë¼ì„ ì¥,2023-01-20,2022-09-06,137,20,3653,182.65,338,48143.0,13.179030933479332,0,before 2022-09-04,long_term
ë„ë¡±ì± ,2023-01-20,2022-09-04,139,20,2688,134.4,218,49948.0,18.581845238095237,0,2022-12-14,long_term
ë„í•˜,2023-01-20,2023-01-19,2,1,11,11.0,11,141.0,12.818181818181818,0,2023-01-19,new_customer
ë„í•œë³„,2022-12-12,2022-11-17,26,4,7,1.75,1,58.0,8.285714285714286,1,before 2022-09-04,churn_customer
ë™ì§±ì´ì•¼,2022-10-16,2022-10-16,1,1,7,7.0,7,855.0,122.14285714285714,1,before 2022-09-04,churn_customer
ë‘ë¶€_í•œëª¨,2022-10-31,2022-10-15,17,3,33,11.0,1,418.0,12.666666666666666,1,before 2022-09-04,churn_customer
ë‘ë¶€ê³¼ì,2023-01-01,2023-01-01,1,1,2,2.0,2,16.0,8.0,1,2023-01-01,churn_customer
ë“œì—‰ì´,2023-01-17,2022-09-07,133,19,1955,102.89,330,41911.0,21.437851662404093,0,2022-12-31,long_term
ë””ë¡¬,2023-01-18,2022-09-16,125,18,311,17.28,5,3566.0,11.466237942122186,0,before 2022-09-04,long_term
ë”œí”Œ,2023-01-11,2022-12-27,16,3,20,6.67,3,650.0,32.5,1,2022-12-27,churn_customer
ë”°ìŠ¤íˆ,2023-01-17,2022-11-07,72,11,5,0.45,2,87.0,17.4,0,2022-11-07,mid_term
ë”°ì°Œ,2023-01-20,2022-11-05,77,11,1518,138.0,61,23648.0,15.578392621870883,0,before 2022-09-04,mid_term
ë”¸ê¸°ë”¸ê¸°ê±¸ğŸ“,2022-10-06,2022-09-04,33,5,3029,605.8,938,53031.0,17.507758336084517,1,before 2022-09-04,churn_customer
ë•…ì½©ì´ì•¼,2022-11-02,2022-09-16,48,7,12505,1786.43,658,154239.0,12.334186325469812,1,before 2022-09-04,churn_customer
ëšœëšœëšœë„,2023-01-18,2022-10-18,93,14,105,7.5,44,1156.0,11.00952380952381,0,2022-10-18,mid_term
ëšœë‘ì´,2022-10-16,2022-10-16,1,1,2,2.0,2,4.0,2.0,1,2022-10-16,churn_customer
ë ë‹ë€¨,2022-12-31,2022-12-17,15,3,21,7.0,3,293.0,13.952380952380953,1,2022-12-16,churn_customer
ëµê¸€,2022-10-12,2022-10-11,2,1,36,36.0,36,700.0,19.444444444444443,1,2022-10-09,churn_customer
ë¼ë‚˜â¤,2023-01-20,2022-12-07,45,7,2382,340.29,348,44988.0,18.886649874055415,0,2022-12-07,mid_term
ë¼ë¥´í•˜ìŠ¤,2023-01-16,2022-10-21,88,13,78,6.0,1,1803.0,23.115384615384617,0,2022-10-21,mid_term
ë¼ë§ˆ1004,2023-01-20,2022-09-04,139,20,3122,156.1,274,45964.0,14.722613709160795,0,before 2022-09-04,long_term
ë¼ì´ë„¤ë¼(LiNela),2022-11-15,2022-09-07,70,10,32,3.2,4,590.0,18.4375,1,before 2022-09-04,churn_customer
ë¼ì½”íƒ€,2023-01-10,2022-12-30,12,2,91,45.5,6,1569.0,17.24175824175824,1,2022-12-22,churn_customer
ë¼í…Œì–‘,2022-11-04,2022-10-05,31,5,914,182.8,294,16140.0,17.65864332603939,1,2022-10-05,churn_customer
ë„ë¼ìˆ‘,2023-01-15,2022-11-18,59,9,175,19.44,4,2234.0,12.765714285714285,0,2022-11-18,mid_term
ëŒì´,2022-12-25,2022-12-07,19,3,555,185.0,47,8112.0,14.616216216216216,1,2022-12-07,churn_customer
ëŸ¬ë¸”ë¦¬ì¥¬ì¥¬,2023-01-20,2022-09-04,139,20,4181,209.05,180,102946.0,24.622339153312605,0,before 2022-09-04,long_term
ë ˆì´ì§€ ë¸”ë£¨ë””,2022-12-31,2022-10-13,80,12,588,49.0,6,55220.0,93.91156462585035,1,2022-10-13,churn_customer
ë ›ëƒ£,2022-10-17,2022-10-17,1,1,2,2.0,2,68.0,34.0,1,2022-10-16,churn_customer
ë¡œë‚˜ë”©,2023-01-19,2023-01-02,18,3,15,5.0,5,162.0,10.8,0,before 2022-09-04,new_customer
ë¡œë¼ìŠˆ,2023-01-20,2022-10-14,99,15,816,54.4,7,48422.0,59.34068627450981,0,2022-10-14,mid_term
ë¡œë³µ,2023-01-20,2022-09-05,138,20,704,35.2,54,9375.0,13.316761363636363,0,before 2022-09-04,long_term
ë¡œì¦ˆì¨ˆ,2023-01-19,2022-10-18,94,14,2578,184.14,37,33917.0,13.156322730799069,0,2022-10-18,mid_term
ë£Œì•„,2023-01-14,2022-11-09,67,10,57,5.7,3,413.0,7.245614035087719,0,2022-11-09,mid_term
ë£Œì•„ğŸ˜ˆ_Vtuber,2022-12-21,2022-12-17,5,1,2,2.0,2,26.0,13.0,1,2022-12-17,churn_customer
ë£¨ì—˜(Ruel),2023-01-20,2022-09-04,139,20,2803,140.15,53,70845.0,25.274705672493756,0,before 2022-09-04,long_term
ë£¨ì½”,2022-12-31,2022-09-26,97,14,621,44.36,51,7370.0,11.867954911433172,1,before 2022-09-04,churn_customer
ë¥­ì°ŒğŸ™Š,2023-01-19,2023-01-07,13,2,62,31.0,11,1024.0,16.516129032258064,0,before 2022-09-04,new_customer
ë¥´ë¦‰ì´,2022-11-23,2022-09-14,71,11,1137,103.36,56,11598.0,10.200527704485488,1,before 2022-09-04,churn_customer
ë¦¬ë£½ì´,2022-10-23,2022-10-01,23,4,3,0.75,1,32.0,10.666666666666666,1,before 2022-09-04,churn_customer
ë¦¬ë¦¬ì¹˜,2023-01-20,2022-10-08,105,15,2233,148.87,67,35016.0,15.68114643976713,0,2022-10-05,mid_term
ë¦¬ë¦¬í•˜,2022-12-21,2022-12-12,10,2,19,9.5,8,688.0,36.21052631578947,1,2022-12-12,churn_customer
ë¦¬ë¦¬í•˜ RIRIHA,2023-01-10,2023-01-10,1,1,1,1.0,1,43.0,43.0,1,before 2022-09-04,churn_customer
ë¦¬ë¯¿,2022-11-28,2022-10-09,51,8,815,101.88,56,10688.0,13.114110429447853,1,before 2022-09-04,churn_customer
ë¦¬ì‹œì•ˆ,2022-09-25,2022-09-25,1,1,6,6.0,6,48.0,8.0,1,before 2022-09-04,churn_customer
ë¦¬ìš”ì¹˜,2023-01-20,2022-11-24,58,9,76,8.44,6,1987.0,26.144736842105264,0,2022-11-21,mid_term
ë¦´ë¦¬ì‘ê°€,2022-12-28,2022-10-11,79,12,274,22.83,3,2844.0,10.379562043795621,1,2022-10-11,churn_customer
ë§ˆë…€ë¡ë¦¬,2022-11-15,2022-09-04,73,11,115,10.45,9,1882.0,16.36521739130435,1,before 2022-09-04,churn_customer
ë§ˆë…€í˜í¼,2023-01-17,2022-09-04,136,20,931,46.55,2,14171.0,15.22126745435016,0,before 2022-09-04,long_term
ë§ˆë ˆ í”Œë¡œìŠ¤,2022-12-12,2022-12-07,6,1,17,17.0,17,293.0,17.235294117647058,1,before 2022-09-04,churn_customer
ë§ˆì´ë¯¼,2023-01-15,2022-10-29,79,12,1045,87.08,35,18224.0,17.439234449760765,0,2022-10-29,mid_term
ë§ŒëŠ¥ë°©ì†¡ manneung,2022-12-22,2022-10-29,55,8,29,3.62,1,1428.0,49.241379310344826,1,before 2022-09-04,churn_customer
ë§Œë³„ë¦°,2022-09-07,2022-09-07,1,1,1,1.0,1,4.0,4.0,1,before 2022-09-04,churn_customer
ë§ë‘ë³µìˆ­ì•„,2023-01-20,2022-09-07,136,20,13572,678.6,667,191580.0,14.1158267020336,0,before 2022-09-04,long_term
ë§ì„,2022-12-14,2022-11-28,17,3,102,34.0,61,1120.0,10.980392156862745,1,before 2022-09-04,churn_customer
ë§ì„!,2022-11-23,2022-11-23,1,1,6,6.0,6,62.0,10.333333333333334,1,before 2022-09-04,churn_customer
ë§ì„2,2023-01-02,2022-12-20,14,2,35,17.5,15,486.0,13.885714285714286,1,before 2022-09-04,churn_customer
ë§ì„cel01,2022-12-05,2022-12-05,1,1,54,54.0,54,480.0,8.88888888888889,1,before 2022-09-04,churn_customer
ë§ì„ì…ë‹ˆë‹¤,2022-12-09,2022-12-09,1,1,21,21.0,21,171.0,8.142857142857142,1,before 2022-09-04,churn_customer
ë§¤ë“œí•´í„°,2023-01-20,2022-09-04,139,20,819,40.95,95,10470.0,12.783882783882785,0,before 2022-09-04,long_term
ë©€ë¯¸ë§›,2023-01-11,2022-09-20,114,17,34,2.0,6,308.0,9.058823529411764,1,before 2022-09-04,churn_customer
ë©‹ì§„ìŠ¹í˜€ë‹ˆ,2022-10-28,2022-10-28,1,1,6,6.0,6,72.0,12.0,1,2022-10-28,churn_customer
ë©”ë©”,2023-01-20,2022-09-14,129,19,34,1.79,3,403.0,11.852941176470589,0,before 2022-09-04,long_term
ë©˜ì‹œ GMENCY,2023-01-20,2022-11-03,79,12,374,31.17,28,9859.0,26.36096256684492,0,2022-10-27,mid_term
ëª¨êµ¬,2023-01-20,2022-10-06,107,16,5554,347.12,20,90250.0,16.24954987396471,0,before 2022-09-04,long_term
ëª¨ê·œ,2022-10-06,2022-09-06,31,5,2341,468.2,376,35588.0,15.202050405809484,1,before 2022-09-04,churn_customer
ëª¨ëª¨,2023-01-05,2022-11-09,58,9,44,4.89,2,923.0,20.977272727272727,1,2022-11-08,churn_customer
ë¬´ì†Œì†í•´í”¼,2022-12-07,2022-11-25,13,2,8,4.0,4,45.0,5.625,1,before 2022-09-04,churn_customer
ë¬¸ë§˜,2022-12-25,2022-11-24,32,5,113,22.6,64,1224.0,10.831858407079647,1,2022-11-24,churn_customer
ë¬¸ì‹í˜œ,2022-09-06,2022-09-06,1,1,3,3.0,3,17.0,5.666666666666667,1,before 2022-09-04,churn_customer
ë¬¸í˜œë¦°,2022-10-02,2022-09-20,13,2,140,70.0,25,1388.0,9.914285714285715,1,before 2022-09-04,churn_customer
ë®¤ë¥´ë¥´,2023-01-18,2022-09-04,137,20,349,17.45,46,6757.0,19.361031518624642,0,before 2022-09-04,long_term
ë¯¸ë‹¨ì´,2023-01-20,2022-09-06,137,20,2515,125.75,224,44135.0,17.548707753479125,0,before 2022-09-04,long_term
ë¯¸ë¥´_MIR,2023-01-20,2022-12-13,39,6,1283,213.83,214,22759.0,17.73889321901793,0,2022-12-13,mid_term
ë¯¸ì•„_,2023-01-03,2022-09-23,103,15,1217,81.13,12,30501.0,25.062448644207066,1,before 2022-09-04,churn_customer
ë¯¸ì˜¨,2023-01-20,2022-11-02,80,12,1476,123.0,35,26976.0,18.276422764227643,0,2022-11-01,mid_term
ë¯¸í† ë„¤,2022-10-18,2022-10-18,1,1,5,5.0,5,58.0,11.6,1,2022-10-18,churn_customer
ë¯¼ì„œê³µì´,2023-01-09,2022-12-07,34,5,883,176.6,21,10292.0,11.655719139297847,1,2022-12-07,churn_customer
ë¯¼ì‹œ,2022-11-21,2022-11-06,16,3,57,19.0,5,1414.0,24.80701754385965,1,before 2022-09-04,churn_customer
ë¯¼ì‹œì•„,2022-11-05,2022-11-02,4,1,5,5.0,5,100.0,20.0,1,2022-10-30,churn_customer
ë¯¼ì˜ì´,2022-10-28,2022-10-28,1,1,2,2.0,2,11.0,5.5,1,2022-10-28,churn_customer
ë¯¼ì§€,2022-12-11,2022-10-31,42,6,7,1.17,2,448.0,64.0,1,before 2022-09-04,churn_customer
ë¯¼íŠ¸ê²½,2022-09-21,2022-09-21,1,1,9,9.0,9,101.0,11.222222222222221,1,before 2022-09-04,churn_customer
ë¯¼í•˜ë£¬_,2022-09-19,2022-09-04,16,3,97,32.33,25,1320.0,13.608247422680412,1,before 2022-09-04,churn_customer
ë°ˆìˆ˜ë¦¬,2022-11-19,2022-09-04,77,11,1106,100.55,28,22044.0,19.93128390596745,1,before 2022-09-04,churn_customer
ë°ë“€,2023-01-13,2022-09-07,129,19,20,1.05,7,971.0,48.55,0,before 2022-09-04,long_term
ë°ë””ë¡±,2023-01-18,2022-09-08,133,19,1766,92.95,49,43432.0,24.59343148357871,0,before 2022-09-04,long_term
ë°”ë‚˜ì»,2023-01-19,2022-12-20,31,5,40,8.0,36,664.0,16.6,0,before 2022-09-04,new_customer
ë°”ë² ,2023-01-20,2022-11-21,61,9,326,36.22,5,6344.0,19.460122699386503,0,2022-11-21,mid_term
ë°”ë³´ìƒˆ,2023-01-20,2023-01-07,14,2,1746,873.0,796,29891.0,17.11970217640321,0,2023-01-06,new_customer
ë°”ì´ì—ë¥¸ ë®Œí—¨,2022-12-27,2022-10-02,87,13,80,6.15,2,736.0,9.2,1,before 2022-09-04,churn_customer
ë°•ë””ë¼,2023-01-20,2022-12-13,39,6,387,64.5,23,4157.0,10.741602067183463,0,2022-12-11,mid_term
ë°•ë³„,2023-01-15,2022-12-01,46,7,683,97.57,11,8433.0,12.346998535871156,0,2022-11-17,mid_term
ë°•ë½€ì–‘,2022-10-20,2022-09-18,33,5,86,17.2,2,2379.0,27.662790697674417,1,before 2022-09-04,churn_customer
ë°•ì˜¥ì,2023-01-20,2022-09-21,122,18,6502,361.22,226,88211.0,13.566748692709936,0,before 2022-09-04,long_term
ë°•ì£¼ì´,2022-12-21,2022-09-27,86,13,9,0.69,4,248.0,27.555555555555557,1,before 2022-09-04,churn_customer
ë°•í‹¸ë‹¤,2023-01-20,2022-09-04,139,20,1453,72.65,125,56573.0,38.935306262904334,0,before 2022-09-04,long_term
ë°¤ì–‘ê°±,2023-01-20,2022-10-04,109,16,867,54.19,11,14578.0,16.814302191464822,0,2022-10-04,long_term
ë°¤í‹°(Bombty),2023-01-12,2023-01-10,3,1,4,4.0,4,70.0,17.5,1,2023-01-10,churn_customer
ë°±ê³°íŒŒ,2023-01-19,2022-09-07,135,20,1860,93.0,24,62836.0,33.78279569892473,0,before 2022-09-04,long_term
ë°±ì„¤ì–‘,2023-01-20,2023-01-09,12,2,315,157.5,184,6366.0,20.20952380952381,0,2023-01-08,new_customer
ë°±ì˜¤105105,2023-01-18,2023-01-18,1,1,19,19.0,19,67.0,3.526315789473684,0,before 2022-09-04,new_customer
ë°±í¬,2022-12-19,2022-09-04,107,16,520,32.5,2,6835.0,13.14423076923077,1,before 2022-09-04,churn_customer
ë²¼ë‹´,2022-10-29,2022-09-25,35,5,787,157.4,28,10824.0,13.753494282083862,1,before 2022-09-04,churn_customer
ë³´ë‚˜,2023-01-20,2022-12-23,29,5,156,31.2,11,4936.0,31.641025641025642,0,2022-12-23,new_customer
ë³´ë¯¸ë³´ë¯¸,2022-11-15,2022-11-15,1,1,2,2.0,2,36.0,18.0,1,before 2022-09-04,churn_customer
ë³µì°Œ,2022-11-15,2022-10-10,37,6,91,15.17,3,2104.0,23.12087912087912,1,2022-10-09,churn_customer
ë´„ë¥­,2022-12-26,2022-09-08,110,16,710,44.38,51,8281.0,11.663380281690142,1,before 2022-09-04,churn_customer
ë´„ë¯¸,2023-01-18,2022-09-08,133,19,40,2.11,5,3874.0,96.85,0,before 2022-09-04,long_term
ë´„ì‚¼ì›”,2023-01-20,2022-09-04,139,20,6865,343.25,239,148315.0,21.604515659140567,0,before 2022-09-04,long_term
ë´„ì²´ë¦¬,2022-10-31,2022-10-10,22,4,30,7.5,7,1344.0,44.8,1,before 2022-09-04,churn_customer
ë¸”ë™ì§±,2022-10-28,2022-10-28,1,1,7,7.0,7,36.0,5.142857142857143,1,2022-10-28,churn_customer
ë¸”ëŸ¬ìŠ¤,2022-11-15,2022-09-07,70,10,3,0.3,2,29.0,9.666666666666666,1,before 2022-09-04,churn_customer
ë¸”ë ˆì´ì¦ˆ ê¹€ë‹¤ì›,2022-12-09,2022-10-17,54,8,146,18.25,2,1658.0,11.356164383561644,1,before 2022-09-04,churn_customer
ë¸”ë ˆì´ì¦ˆ ë°°ì„±ë¹ˆ,2023-01-12,2022-10-17,88,13,172,13.23,17,3640.0,21.162790697674417,1,before 2022-09-04,churn_customer
ë¸”ë ˆì´ì¦ˆ ìœ ì°½í˜„,2022-12-31,2022-10-17,76,11,100,9.09,2,1417.0,14.17,1,before 2022-09-04,churn_customer
ë¸”ë ˆì´ì¦ˆ ìµœì˜í›ˆ,2023-01-01,2022-10-17,77,11,1309,119.0,5,17586.0,13.434682964094728,1,before 2022-09-04,churn_customer
ë¸”ë ˆì´ì¦ˆXíŒ¬ì‹¬M íŒ¬ë¯¸íŒ…,2022-10-31,2022-10-13,19,3,205,68.33,60,9687.0,47.25365853658536,1,before 2022-09-04,churn_customer
ë¹„ê²½,2022-12-24,2022-09-08,108,16,107,6.69,3,1458.0,13.626168224299066,1,before 2022-09-04,churn_customer
ë¹„ëª½,2022-09-24,2022-09-08,17,3,26,8.67,7,312.0,12.0,1,before 2022-09-04,churn_customer
ë¹„ì¥¬,2022-10-30,2022-09-14,47,7,370,52.86,38,8168.0,22.075675675675676,1,before 2022-09-04,churn_customer
ë¹„í† ,2022-09-20,2022-09-04,17,3,226,75.33,61,3499.0,15.482300884955752,1,before 2022-09-04,churn_customer
ë¹„í† Vito,2022-10-31,2022-09-21,41,6,604,100.67,4,6609.0,10.94205298013245,1,before 2022-09-04,churn_customer
ë¹ˆì„œì•„,2023-01-20,2022-09-14,129,19,9146,481.37,453,136982.0,14.97725781762519,0,before 2022-09-04,long_term
ë¹ˆí˜œë‰´ë‚˜ë‘ìœ ë‚˜ëª½ë¸”ë£¨ë² ë¦¬,2022-12-25,2022-12-21,5,1,56,56.0,56,371.0,6.625,1,before 2022-09-04,churn_customer
ë¹°ë¯€,2023-01-20,2022-10-30,83,12,271,22.58,11,3498.0,12.907749077490775,0,before 2022-09-04,mid_term
ë¹¼ë¹¼ë¡œ ì´ë²¤íŠ¸ë°©,2022-11-09,2022-10-19,22,4,22,5.5,5,1828.0,83.0909090909091,1,2022-10-19,churn_customer
ë½€ë¦°ê±¸,2023-01-20,2022-09-04,139,20,658,32.9,14,18916.0,28.747720364741642,0,before 2022-09-04,long_term
ë½€ìˆœ,2023-01-18,2023-01-18,1,1,2,2.0,2,35.0,17.5,0,2023-01-13,new_customer
ë¿…ì•„ê°€,2022-10-21,2022-10-21,1,1,8,8.0,8,86.0,10.75,1,before 2022-09-04,churn_customer
ë¿Œë…¸ë…¸,2022-12-24,2022-12-24,1,1,1,1.0,1,17.0,17.0,1,before 2022-09-04,churn_customer
ì‚¬ëšœ,2023-01-16,2023-01-09,8,2,6,3.0,3,27.0,4.5,0,2022-12-16,new_customer
ì‚¬ë§‰ì´ì—¬ìš°,2022-10-19,2022-10-19,1,1,1,1.0,1,8.0,8.0,1,before 2022-09-04,churn_customer
ì‚¬ì•…ì´,2022-10-19,2022-10-10,10,2,226,113.0,38,5888.0,26.053097345132745,1,2022-10-09,churn_customer
ì‚¼ì‹œì˜¤,2023-01-20,2022-12-31,21,3,263,87.67,43,5217.0,19.836501901140686,0,2022-12-31,new_customer
ìƒˆë‹´,2023-01-05,2022-11-27,40,6,85,14.17,17,3121.0,36.71764705882353,1,before 2022-09-04,churn_customer
ìƒ¤ë©”ì´ã‚·ãƒ£ãƒ¡ã‚¤,2023-01-20,2022-09-04,139,20,886,44.3,57,27529.0,31.071106094808126,0,before 2022-09-04,long_term
ìƒ¤ë²„ë¸”,2023-01-09,2022-09-04,128,19,38,2.0,1,467.0,12.289473684210526,1,before 2022-09-04,churn_customer
ì„œ2,2023-01-20,2022-11-21,61,9,3994,443.78,530,70853.0,17.739859789684527,0,2022-11-21,mid_term
ì„œë ¤ë‹ˆ,2022-11-21,2022-11-09,13,2,61,30.5,39,459.0,7.524590163934426,1,before 2022-09-04,churn_customer
ì„œë¦¬,2022-10-24,2022-09-04,51,8,71,8.88,41,694.0,9.774647887323944,1,before 2022-09-04,churn_customer
ì„œìš¸ìŠ¤íŠ¸ë¦¬ë°ìŠ¤í…Œì´ì…˜,2022-12-27,2022-12-27,1,1,1,1.0,1,2.0,2.0,1,before 2022-09-04,churn_customer
ì„œí…Œë¦°,2023-01-20,2022-10-21,92,14,1430,102.14,77,48760.0,34.0979020979021,0,2022-10-21,mid_term
ì„í”¼ë””,2022-12-26,2022-11-08,49,7,81,11.57,22,2312.0,28.54320987654321,1,before 2022-09-04,churn_customer
ì„ ë“œ,2022-12-05,2022-12-05,1,1,1,1.0,1,4.0,4.0,1,before 2022-09-04,churn_customer
ì„¤ì‚¬íƒ•,2023-01-20,2022-10-24,89,13,222,17.08,19,8472.0,38.16216216216216,0,before 2022-09-04,mid_term
ì„¤ì—ë‹ˆ,2022-10-29,2022-09-15,45,7,133,19.0,1,3158.0,23.74436090225564,1,before 2022-09-04,churn_customer
ì„¤ì±„ì´_,2022-10-05,2022-09-04,32,5,80,16.0,10,1285.0,16.0625,1,before 2022-09-04,churn_customer
ì„¸ë‚˜ëƒ¥,2022-10-24,2022-10-22,3,1,136,136.0,136,1962.0,14.426470588235293,1,2022-10-22,churn_customer
ì„¸ëƒ,2022-10-18,2022-10-18,1,1,6,6.0,6,44.0,7.333333333333333,1,2022-10-18,churn_customer
ì„¸ìš”ë¹”,2022-09-30,2022-09-20,11,2,19,9.5,9,431.0,22.68421052631579,1,before 2022-09-04,churn_customer
ì…€êµ¬ì˜í…ŒìŠ¤íŠ¸í‹‘,2022-09-18,2022-09-18,1,1,2,2.0,2,7.0,3.5,1,2022-09-18,churn_customer
ì…€ëŸ½ ë‹‰ë„¤ì„t101,2023-01-17,2023-01-16,2,1,14,14.0,14,70.0,5.0,0,before 2022-09-04,new_customer
ì…€ëŸ½ë¯¼ì§€,2022-10-20,2022-10-17,4,1,40,40.0,40,390.0,9.75,1,2022-10-17,churn_customer
ì…€ì—´ë²ˆì§¸íì—‰,2022-09-19,2022-09-18,2,1,5,5.0,5,536.0,107.2,1,2022-09-18,churn_customer
ì…€íŒ”,2022-09-13,2022-09-13,1,1,5,5.0,5,140.0,28.0,1,2022-09-13,churn_customer
ì…€íŒ”ë‹‰ë„¤ì„ì„ì—„ì²­ê¸¸ê²Œí•˜ë©´ì´ê²Œí‘¸ì‹œì—ì„œì˜ë¦¬,2022-09-20,2022-09-19,2,1,2,2.0,2,7.0,3.5,1,before 2022-09-04,churn_customer
ì…”í„°,2022-12-06,2022-11-29,8,2,15,7.5,4,168.0,11.2,1,2022-11-29,churn_customer
ì†Œë¯¸ë„ë‹ˆ somidony,2023-01-17,2022-11-28,51,8,205,25.62,17,4339.0,21.165853658536584,0,2022-11-10,mid_term
ì†Œë¯¸ìœµ,2022-10-29,2022-10-19,11,2,116,58.0,57,1344.0,11.586206896551724,1,2022-10-19,churn_customer
ì†Œë´„,2023-01-02,2022-12-01,33,5,113,22.6,8,2418.0,21.398230088495577,1,before 2022-09-04,churn_customer
ì†Œì†Œì™€í”Œ,2022-09-07,2022-09-05,3,1,2,2.0,2,49.0,24.5,1,before 2022-09-04,churn_customer
ì†Œì‹œì§€,2022-11-07,2022-09-19,50,8,16,2.0,3,189.0,11.8125,1,before 2022-09-04,churn_customer
ì†Œì—°ì´__,2023-01-20,2022-09-14,129,19,595,31.32,18,18021.0,30.287394957983192,0,before 2022-09-04,long_term
ì†Œì—°í™”,2023-01-09,2022-11-06,65,10,35,3.5,1,984.0,28.114285714285714,1,2022-11-01,churn_customer
ì†Œì´ë£¨,2022-12-21,2022-11-21,31,5,28,5.6,13,389.0,13.892857142857142,1,before 2022-09-04,churn_customer
ì†Œí’ì™”ë‹ˆ,2023-01-20,2022-09-24,119,17,1914,112.59,53,25595.0,13.37251828631139,0,before 2022-09-04,long_term
ì†Œí¬ë¥´,2023-01-20,2022-09-04,139,20,1110,55.5,26,22794.0,20.535135135135135,0,before 2022-09-04,long_term
ì†ëì„ìŠ¤ì¹˜ëŠ”ë°”ëŒ,2022-10-16,2022-10-16,1,1,4,4.0,4,10.0,2.5,1,before 2022-09-04,churn_customer
ì†œ,2022-11-04,2022-09-15,51,8,1056,132.0,214,17097.0,16.19034090909091,1,before 2022-09-04,churn_customer
ì†œë²„,2022-09-23,2022-09-08,16,3,10,3.33,6,344.0,34.4,1,before 2022-09-04,churn_customer
ì†œì‚´ë‘,2023-01-10,2022-09-05,128,19,104,5.47,4,3306.0,31.78846153846154,1,before 2022-09-04,churn_customer
ìˆ‘ì•„,2023-01-20,2022-09-06,137,20,2349,117.45,95,27136.0,11.552149851000426,0,before 2022-09-04,long_term
ìˆ˜ì¸ìˆ˜ì¸,2023-01-20,2022-11-09,73,11,960,87.27,139,11179.0,11.644791666666666,0,2022-11-09,mid_term
ìˆœë§m,2022-09-14,2022-09-04,11,2,2,1.0,1,8.0,4.0,1,before 2022-09-04,churn_customer
ìˆœì°°ëŒ€,2022-12-20,2022-12-14,7,1,28,28.0,28,269.0,9.607142857142858,1,before 2022-09-04,churn_customer
ìŠˆì˜ˆë‚˜,2022-10-16,2022-10-14,3,1,82,82.0,82,1019.0,12.426829268292684,1,before 2022-09-04,churn_customer
ìŠ¤ì¹¼ë › ì–¸ë‹ˆâ¤ï¸,2023-01-20,2022-11-12,70,10,842,84.2,7,35258.0,41.87410926365796,0,2022-11-12,mid_term
ìŠ¹ì—°,2023-01-07,2022-12-07,32,5,700,140.0,6,8022.0,11.46,1,2022-12-07,churn_customer
ìŠ¹ìš±ì´,2023-01-20,2023-01-18,3,1,6,6.0,6,40.0,6.666666666666667,0,2023-01-05,new_customer
ì‹œë‹ˆ3,2022-12-07,2022-09-21,78,12,171,14.25,19,1347.0,7.87719298245614,1,before 2022-09-04,churn_customer
ì‹œì•ˆ.,2022-12-28,2022-12-26,3,1,3,3.0,3,96.0,32.0,1,2022-12-23,churn_customer
ì‹œì§€,2022-10-14,2022-09-12,33,5,39,7.8,4,477.0,12.23076923076923,1,2022-09-09,churn_customer
ì‹œí˜œ,2023-01-19,2022-11-03,78,12,104,8.67,4,3314.0,31.865384615384617,0,before 2022-09-04,mid_term
ì¨ë‹Œì¥,2023-01-13,2022-11-23,52,8,153,19.12,10,5058.0,33.05882352941177,0,before 2022-09-04,mid_term
ì„ë‘,2023-01-16,2022-12-29,19,3,85,28.33,1,1228.0,14.447058823529412,0,2022-11-10,new_customer
ì”½êµ¬,2023-01-20,2022-12-28,24,4,61,15.25,2,4671.0,76.57377049180327,0,2022-12-28,new_customer
ì•„ë…¸,2023-01-01,2022-11-22,41,6,1094,182.33,122,21050.0,19.241316270566728,1,2022-11-22,churn_customer
ì•„ë¼7,2022-11-21,2022-09-05,78,12,117,9.75,1,3302.0,28.22222222222222,1,before 2022-09-04,churn_customer
ì•„ë¡œ,2023-01-13,2022-10-20,86,13,151,11.62,1,3328.0,22.039735099337747,0,2022-10-18,mid_term
ì•„ë¥¸ë‹˜,2023-01-19,2022-12-09,42,6,116,19.33,29,2224.0,19.17241379310345,0,before 2022-09-04,mid_term
ì•„ë¦¬ì—˜,2022-12-16,2022-12-16,1,1,1,1.0,1,5.0,5.0,1,2022-12-16,churn_customer
ì•„ë©”ì•„í†  ì•„í‚¤ë¼,2022-11-23,2022-10-10,45,7,90,12.86,6,2070.0,23.0,1,2022-10-10,churn_customer
ì•„ë´‰ë‘¥ì´,2023-01-16,2023-01-16,1,1,1,1.0,1,103.0,103.0,0,before 2022-09-04,new_customer
ì•„ë¹„ë„´,2022-09-25,2022-09-25,1,1,1,1.0,1,5.0,5.0,1,before 2022-09-04,churn_customer
ì•„ì´ìš°ë¼ ì¿„ì½”â€¢Aiura Kyouko,2023-01-01,2023-01-01,1,1,1,1.0,1,13.0,13.0,1,2022-12-17,churn_customer
ì•„ì‰ì¸„,2023-01-15,2023-01-11,5,1,2,2.0,2,800.0,400.0,0,before 2022-09-04,new_customer
ì•„ì§€ìˆ˜,2023-01-20,2022-10-21,92,14,783,55.93,35,19666.0,25.116219667943806,0,2022-10-21,mid_term
ì•„í†°,2023-01-19,2022-09-04,138,20,4740,237.0,8,84265.0,17.77742616033755,0,before 2022-09-04,long_term
ì•…ì§ˆíŠ¸ìˆœì´,2022-10-18,2022-09-09,40,6,28,4.67,2,129.0,4.607142857142857,1,before 2022-09-04,churn_customer
ì•ˆë…•ë€ë‚˜ì•„ì•„,2022-12-16,2022-12-16,1,1,1,1.0,1,2.0,2.0,1,2022-12-16,churn_customer
ì•Œë¼ë¯¸,2022-12-24,2022-11-27,28,4,46,11.5,8,708.0,15.391304347826088,1,2022-11-27,churn_customer
ì•™ìŸˆ,2023-01-16,2022-09-06,133,19,9933,522.79,1040,141791.0,14.274740763112856,0,before 2022-09-04,long_term
ì• ìˆœì´,2023-01-20,2022-09-04,139,20,4267,213.35,164,53020.0,12.42559175064448,0,before 2022-09-04,long_term
ì• ì¸„,2023-01-20,2022-11-17,65,10,577,57.7,92,22234.0,38.53379549393414,0,2022-11-17,mid_term
ì•¼ë¡œí€¸,2023-01-09,2022-09-15,117,17,185,10.88,25,3227.0,17.443243243243245,1,before 2022-09-04,churn_customer
ì–‘ì´ì„œ,2023-01-16,2022-12-22,26,4,17,4.25,8,289.0,17.0,0,2022-12-21,new_customer
ì–‘íŒŒì§€ë‹ˆ,2023-01-20,2023-01-15,6,1,15,15.0,15,143.0,9.533333333333333,0,before 2022-09-04,new_customer
ì–‘í•¼,2022-12-15,2022-12-01,15,3,93,31.0,40,2499.0,26.870967741935484,1,before 2022-09-04,churn_customer
ì–´ë®¤ì €,2023-01-13,2022-10-17,89,13,114,8.77,1,1590.0,13.947368421052632,0,before 2022-09-04,mid_term
ì–´ì¨ë¯¸,2022-12-23,2022-09-04,111,16,13,0.81,1,128.0,9.846153846153847,1,before 2022-09-04,churn_customer
ì–¼ë¼ë¦¬,2022-12-22,2022-10-06,78,12,94,7.83,19,4637.0,49.329787234042556,1,2022-10-06,churn_customer
ì—ê·¸ë¡¤,2022-12-01,2022-10-30,33,5,60,12.0,1,958.0,15.966666666666667,1,before 2022-09-04,churn_customer
ì—ë“œê±°_ë¸”ë¦°,2022-10-06,2022-09-21,16,3,12,4.0,2,165.0,13.75,1,before 2022-09-04,churn_customer
ì—ë¥´ë®¤,2023-01-15,2022-10-21,87,13,84,6.46,9,1615.0,19.226190476190474,0,2022-10-19,mid_term
ì—”ì¥¬,2023-01-09,2022-11-11,60,9,15,1.67,1,271.0,18.066666666666666,1,before 2022-09-04,churn_customer
ì—˜í”„ë ˆë‹¤,2023-01-07,2022-09-05,125,18,112,6.22,1,3608.0,32.214285714285715,1,before 2022-09-04,churn_customer
ì— ì…€ê³µì´,2023-01-03,2023-01-03,1,1,2,2.0,2,26.0,13.0,1,before 2022-09-04,churn_customer
ì— ì…€ê³µì¼,2023-01-05,2023-01-03,3,1,113,113.0,113,1804.0,15.964601769911505,1,before 2022-09-04,churn_customer
ì— ì…€ì‚¼ê³µ,2023-01-05,2023-01-03,3,1,30,30.0,30,916.0,30.533333333333335,1,before 2022-09-04,churn_customer
ì— ì…€ì˜¤ì´ê³µ,2023-01-19,2023-01-08,12,2,10,5.0,7,36.0,3.6,0,before 2022-09-04,new_customer
ì—¬ë‹ˆë¦°,2022-10-24,2022-10-24,1,1,1,1.0,1,2.0,2.0,1,before 2022-09-04,churn_customer
ì—°í•˜ë‘ _,2022-10-05,2022-09-28,8,2,19,9.5,11,313.0,16.473684210526315,1,before 2022-09-04,churn_customer
ì—°í•˜ë‘_,2022-11-19,2022-11-19,1,1,6,6.0,6,180.0,30.0,1,before 2022-09-04,churn_customer
ì—°í•˜ë¦°,2022-11-14,2022-11-14,1,1,1,1.0,1,4.0,4.0,1,before 2022-09-04,churn_customer
ì—´ë°,2023-01-18,2022-09-16,125,18,5696,316.44,186,109575.0,19.237183988764045,0,before 2022-09-04,long_term
ì˜ì‹¤_,2023-01-20,2022-10-03,110,16,317,19.81,13,7875.0,24.842271293375394,0,2022-10-01,long_term
ì˜ˆê¿,2022-10-13,2022-09-04,40,6,480,80.0,12,9542.0,19.879166666666666,1,before 2022-09-04,churn_customer
ì˜ˆì§€ë‹ˆë‹¹,2022-11-23,2022-11-12,12,2,18,9.0,6,188.0,10.444444444444445,1,2022-11-12,churn_customer
ì˜ˆì½©_,2023-01-20,2022-09-13,130,19,2298,120.95,106,39888.0,17.357702349869452,0,before 2022-09-04,long_term
ì˜ë§,2023-01-19,2022-09-04,138,20,146,7.3,4,8925.0,61.13013698630137,0,before 2022-09-04,long_term
ì˜¤ëŠ˜ë‚´ì¼ìë§¤,2022-10-28,2022-09-09,50,8,173,21.62,88,3475.0,20.08670520231214,1,before 2022-09-04,churn_customer
ì˜¤ë””ë¥´,2023-01-20,2022-09-05,138,20,108,5.4,2,3147.0,29.13888888888889,0,before 2022-09-04,long_term
ì˜¤ë¦¬ë´‡_,2022-11-23,2022-11-09,15,3,3,1.0,2,16.0,5.333333333333333,1,2022-11-09,churn_customer
ì˜¤ë¶„ì´,2023-01-19,2022-09-25,117,17,198,11.65,14,12430.0,62.77777777777778,0,before 2022-09-04,long_term
ì˜¤í˜„ë¯¼,2023-01-03,2022-09-08,118,17,53,3.12,9,667.0,12.584905660377359,1,before 2022-09-04,churn_customer
ì˜¨_ON,2023-01-19,2022-12-22,29,5,369,73.8,49,4244.0,11.501355013550135,0,before 2022-09-04,new_customer
ì˜¨ìš¸,2023-01-20,2022-09-07,136,20,1488,74.4,61,24175.0,16.246639784946236,0,before 2022-09-04,long_term
ì™€ì‚¬ë¹„___,2022-10-11,2022-09-04,38,6,26,4.33,1,440.0,16.923076923076923,1,before 2022-09-04,churn_customer
ì™€í˜œì¸ì´ë‹¤,2022-11-05,2022-09-04,63,9,259,28.78,3,3624.0,13.992277992277993,1,before 2022-09-04,churn_customer
ì™•êµ°,2023-01-19,2022-10-06,106,16,1850,115.62,62,32139.0,17.372432432432433,0,before 2022-09-04,long_term
ì™•ìë‹¤,2022-11-11,2022-09-04,69,10,764,76.4,23,11663.0,15.265706806282722,1,before 2022-09-04,churn_customer
ì™•ìë£¡,2023-01-20,2022-12-31,21,3,453,151.0,106,3376.0,7.452538631346578,0,2022-12-31,new_customer
ìš”ë””ë”›,2023-01-20,2022-10-22,91,13,1055,81.15,76,18494.0,17.529857819905214,0,before 2022-09-04,mid_term
ìš°ëª¨,2023-01-20,2022-12-22,30,5,73,14.6,9,2406.0,32.95890410958904,0,2022-12-21,new_customer
ìš°ì•„ì•„ã…‡ã…‡ã…‡,2023-01-09,2022-09-04,128,19,32,1.68,3,2631.0,82.21875,1,before 2022-09-04,churn_customer
ìš°ìš°ìš°ìš°ìš°ìš°ì£¼,2022-12-26,2022-12-26,1,1,6,6.0,6,64.0,10.666666666666666,1,before 2022-09-04,churn_customer
ìš°ìš°ìš°ì£¼,2023-01-09,2022-10-03,99,15,103,6.87,4,1241.0,12.048543689320388,1,before 2022-09-04,churn_customer
ìš°ì¸„,2022-11-06,2022-11-06,1,1,2,2.0,2,9.0,4.5,1,2022-11-06,churn_customer
ìš°íˆí›,2023-01-15,2022-09-11,127,19,200,10.53,2,4959.0,24.795,0,before 2022-09-04,long_term
ìœ„ì¦ë¦¬ì–´ì¹´,2023-01-18,2023-01-12,7,1,66,66.0,66,3399.0,51.5,0,2023-01-12,new_customer
ìœ„ì¹­,2023-01-20,2022-09-04,139,20,2476,123.8,138,44030.0,17.7827140549273,0,before 2022-09-04,long_term
ìœ„í‹°,2023-01-19,2022-09-09,133,19,6840,360.0,486,124229.0,18.162134502923976,0,before 2022-09-04,long_term
ìœ  ì•¤ğŸŒ¸,2022-12-28,2022-09-04,116,17,15377,904.53,1,295683.0,19.228913312089485,1,before 2022-09-04,churn_customer
ìœ ê°€ì˜,2022-11-27,2022-09-27,62,9,44,4.89,28,1027.0,23.34090909090909,1,before 2022-09-04,churn_customer
ìœ ë‚˜ëª½ì˜ë¸”ë£¨ë² ë¦¬,2022-11-22,2022-09-09,75,11,2313,210.27,117,31301.0,13.53264159100735,1,before 2022-09-04,churn_customer
ìœ ë‹¤ì´,2023-01-04,2022-12-07,29,5,3,0.6,1,8.0,2.6666666666666665,1,2022-11-17,churn_customer
ìœ ë‹¤íˆ__,2023-01-16,2022-10-13,96,14,452,32.29,4,8759.0,19.378318584070797,0,before 2022-09-04,mid_term
ìœ ë¦¬ë³´,2022-10-01,2022-09-29,3,1,15,15.0,15,101.0,6.733333333333333,1,before 2022-09-04,churn_customer
ìœ ë©”ì•„,2023-01-20,2022-09-04,139,20,14709,735.45,342,231761.0,15.756407641579985,0,before 2022-09-04,long_term
ìœ ë³´ë¯¸,2023-01-02,2022-09-04,121,18,397,22.06,4,8358.0,21.052896725440807,1,before 2022-09-04,churn_customer
ìœ ë¹ˆì…ë‹ˆë‹¤,2022-12-04,2022-12-04,1,1,1,1.0,1,1.0,1.0,1,2022-12-04,churn_customer
ìœ ì•µ,2023-01-19,2023-01-15,5,1,32,32.0,32,460.0,14.375,0,before 2022-09-04,new_customer
ìœ ì˜¨_,2022-10-30,2022-10-30,1,1,1,1.0,1,3.0,3.0,1,2022-10-30,churn_customer
ìœ ì™„ì„¤,2023-01-20,2022-09-04,139,20,936,46.8,15,14917.0,15.936965811965813,0,before 2022-09-04,long_term
ìœ ì€_,2023-01-20,2022-09-04,139,20,4287,214.35,122,73219.0,17.079309540471193,0,before 2022-09-04,long_term
ìœ ì¼,2022-10-17,2022-10-09,9,2,133,66.5,77,1873.0,14.082706766917294,1,before 2022-09-04,churn_customer
ìœ ì¼ë‹˜_,2022-12-10,2022-10-20,52,8,73,9.12,3,1245.0,17.054794520547944,1,before 2022-09-04,churn_customer
ìœ ì¼ì´,2022-12-18,2022-12-18,1,1,4,4.0,4,61.0,15.25,1,before 2022-09-04,churn_customer
ìœ í‚¤ëƒ¥,2023-01-20,2022-09-04,139,20,2158,107.9,26,52916.0,24.520852641334567,0,before 2022-09-04,long_term
ìœ¤ê°œêµ´ì´,2023-01-19,2022-09-07,135,20,1900,95.0,16,53502.0,28.158947368421053,0,before 2022-09-04,long_term
ìœ¤ìš°ë¦¬,2023-01-20,2023-01-02,19,3,2107,702.33,592,30906.0,14.668248694826769,0,2023-01-02,new_customer
ìœ¤ì´ìƒ˜,2023-01-07,2022-10-21,79,12,689,57.42,18,20884.0,30.310595065312047,1,2022-10-21,churn_customer
ìœ¤í•˜ë¹ˆ,2023-01-19,2022-12-15,36,6,319,53.17,5,2861.0,8.968652037617554,0,2022-12-15,mid_term
ìœ°ë¡œë¡œ,2023-01-20,2022-09-04,139,20,2123,106.15,63,37896.0,17.850211964201602,0,before 2022-09-04,long_term
ì€ì‹.,2023-01-20,2022-10-04,109,16,3677,229.81,116,40842.0,11.107424530867554,0,before 2022-09-04,long_term
ì€ì‹c,2022-09-25,2022-09-25,1,1,1,1.0,1,1.0,1.0,1,before 2022-09-04,churn_customer
ì€ì‹m,2022-09-25,2022-09-25,1,1,2,2.0,2,6.0,3.0,1,before 2022-09-04,churn_customer
ì€ìœ ,2022-10-25,2022-10-25,1,1,3,3.0,3,28.0,9.333333333333334,1,2022-10-25,churn_customer
ì€ì •,2022-12-12,2022-12-12,1,1,36,36.0,36,596.0,16.555555555555557,1,2022-12-12,churn_customer
ì€í•˜ìœ¤,2023-01-20,2022-12-30,22,4,2096,524.0,543,30907.0,14.745706106870228,0,2022-12-30,new_customer
ì´ê·¤ë½_,2022-10-14,2022-09-05,40,6,10,1.67,4,94.0,9.4,1,before 2022-09-04,churn_customer
ì´ë„í™ˆ,2023-01-20,2022-09-09,134,20,428,21.4,24,5546.0,12.957943925233645,0,before 2022-09-04,long_term
ì´ë£¨ë¦¬,2023-01-19,2022-09-08,134,20,199,9.95,6,11580.0,58.19095477386934,0,before 2022-09-04,long_term
ì´ë¬´ì§„,2023-01-02,2023-01-01,2,1,5,5.0,5,170.0,34.0,1,2023-01-01,churn_customer
ì´ë¯¸ë‚˜ë¦¬,2023-01-06,2022-09-30,99,15,43,2.87,1,447.0,10.395348837209303,1,before 2022-09-04,churn_customer
ì´ì‚°íƒ€,2022-12-27,2022-10-25,64,10,81,8.1,2,1318.0,16.271604938271604,1,2022-10-24,churn_customer
ì´ì„œì´,2022-10-10,2022-09-27,14,2,30,15.0,9,855.0,28.5,1,before 2022-09-04,churn_customer
ì´ì†,2023-01-20,2022-09-04,139,20,4219,210.95,194,174080.0,41.26096231334439,0,before 2022-09-04,long_term
ì´ìˆ˜ì–Œ,2022-10-12,2022-09-09,34,5,25,5.0,1,2159.0,86.36,1,before 2022-09-04,churn_customer
ì´ìˆœì •,2022-12-24,2022-12-07,18,3,38,12.67,18,318.0,8.368421052631579,1,before 2022-09-04,churn_customer
ì´ì•„ê¹½,2023-01-20,2022-12-05,47,7,697,99.57,197,13707.0,19.66571018651363,0,2022-10-23,mid_term
ì´ì•¼,2022-09-21,2022-09-21,1,1,4,4.0,4,116.0,29.0,1,before 2022-09-04,churn_customer
ì´ì¥¬ì§±,2023-01-20,2022-09-12,131,19,1861,97.95,33,61353.0,32.9677592692101,0,before 2022-09-04,long_term
ì´ì¥¬ì°¡,2023-01-20,2022-09-20,123,18,1409,78.28,105,22527.0,15.987934705464868,0,before 2022-09-04,long_term
ì´ì§€ê°,2023-01-20,2022-12-09,43,7,1513,216.14,305,24721.0,16.339061467283543,0,2022-12-09,mid_term
ì´ì¿ ì˜¤_,2023-01-20,2022-09-04,139,20,5933,296.65,194,88642.0,14.94050227540873,0,before 2022-09-04,long_term
ì¸ì•„ë¹µ,2022-12-24,2022-11-04,51,8,11209,1401.12,885,110909.0,9.894638237130877,1,2022-11-04,churn_customer
ì¼ë£¨ì „í•˜íŠ¸,2022-11-17,2022-10-08,41,6,174,29.0,12,1197.0,6.879310344827586,1,2022-10-08,churn_customer
ì¼ì¼,2023-01-20,2023-01-01,20,3,108,36.0,32,3236.0,29.962962962962962,0,2023-01-01,new_customer
ì¼í•˜ëŠ”ìš©í˜•,2022-12-18,2022-12-05,14,2,11,5.5,4,61.0,5.545454545454546,1,2022-12-05,churn_customer
ì„ê±´ìš°,2022-11-20,2022-11-20,1,1,1,1.0,1,24.0,24.0,1,before 2022-09-04,churn_customer
ì„ì„ ë¹„,2022-12-26,2022-09-08,110,16,41,2.56,2,1769.0,43.146341463414636,1,before 2022-09-04,churn_customer
ì‰ê¸ˆğŸ‘‘,2022-11-29,2022-11-29,1,1,2,2.0,2,17.0,8.5,1,before 2022-09-04,churn_customer
ì‰ì‹¸,2022-12-01,2022-09-15,78,12,177,14.75,24,5960.0,33.67231638418079,1,before 2022-09-04,churn_customer
ì ì˜·ëƒ¥,2022-09-19,2022-09-15,5,1,8,8.0,8,52.0,6.5,1,before 2022-09-04,churn_customer
ì¥ì¥ê³ ,2023-01-03,2022-12-17,18,3,321,107.0,1,2516.0,7.838006230529595,1,2022-12-17,churn_customer
ì¬ë¯¸ìˆë‹¤ã… (jaemi_fun),2023-01-18,2022-12-23,27,4,45,11.25,9,1357.0,30.155555555555555,0,before 2022-09-04,new_customer
ì¬ì¤€,2022-11-30,2022-10-14,48,7,50,7.14,3,880.0,17.6,1,2022-10-14,churn_customer
ì „ìíŒŒìš”ì •,2022-11-16,2022-11-16,1,1,1,1.0,1,4.0,4.0,1,before 2022-09-04,churn_customer
ì •ê·¸ëŒ,2022-09-29,2022-09-13,17,3,39,13.0,5,511.0,13.102564102564102,1,before 2022-09-04,churn_customer
ì •ë‹¤ë³„ì´,2022-12-17,2022-09-04,105,15,16166,1077.73,10,178733.0,11.056105406408511,1,before 2022-09-04,churn_customer
ì •ë‘ì½©,2023-01-09,2022-09-07,125,18,112,6.22,1,3296.0,29.428571428571427,1,before 2022-09-04,churn_customer
ì •ë¦¬ë² ,2023-01-20,2022-11-07,75,11,1690,153.64,253,28421.0,16.817159763313608,0,2022-11-07,mid_term
ì •ë¯¼,2022-12-18,2022-11-08,41,6,3,0.5,2,35.0,11.666666666666666,1,before 2022-09-04,churn_customer
ì •ë°€ì¶”ì ,2022-09-12,2022-09-12,1,1,1,1.0,1,4.0,4.0,1,before 2022-09-04,churn_customer
ì œë¡œ_,2023-01-20,2022-09-10,133,19,2093,110.16,122,29355.0,14.025322503583373,0,before 2022-09-04,long_term
ì œì´ë‚˜,2022-11-13,2022-11-13,1,1,2,2.0,2,9.0,4.5,1,2022-11-13,churn_customer
ì¡°ëˆ„ë‹ˆ,2022-11-08,2022-11-07,2,1,54,54.0,54,496.0,9.185185185185185,1,2022-11-07,churn_customer
ì¡°ë”°,2022-11-08,2022-11-08,1,1,2,2.0,2,15.0,7.5,1,2022-11-08,churn_customer
ì¡°ì´ì›”,2022-10-16,2022-10-14,3,1,27,27.0,27,311.0,11.518518518518519,1,before 2022-09-04,churn_customer
ì¡°ì˜ì¡°ì˜  ë¹„ì„œ,2022-11-17,2022-10-06,43,7,917,131.0,589,95610.0,104.2639040348964,1,2022-10-06,churn_customer
ì¡°ì˜ì¡°ì˜_ë¹„ì„œ,2023-01-19,2022-11-17,64,10,508,50.8,40,36376.0,71.60629921259843,0,2022-11-17,mid_term
ì£ ë¬¼,2022-12-20,2022-10-06,76,11,906,82.36,110,13181.0,14.548565121412803,1,before 2022-09-04,churn_customer
ì£ ì•¼ë¼,2023-01-20,2022-09-21,122,18,1373,76.28,111,13972.0,10.176256372906046,0,before 2022-09-04,long_term
ì£¼ë•ƒë‹¤,2022-12-16,2022-11-07,40,6,186,31.0,25,3901.0,20.973118279569892,1,2022-11-03,churn_customer
ì£¼ë¹„ë¹”,2022-12-24,2022-10-09,77,11,367,33.36,15,5639.0,15.365122615803815,1,before 2022-09-04,churn_customer
ì£¼ì‹¤,2022-10-04,2022-09-08,27,4,118,29.5,24,2857.0,24.21186440677966,1,before 2022-09-04,churn_customer
ì£¼í”¼ë””,2023-01-19,2022-11-19,62,9,169,18.78,14,5745.0,33.994082840236686,0,2022-11-19,mid_term
ì§„ëƒ,2022-09-19,2022-09-11,9,2,440,220.0,314,2722.0,6.1863636363636365,1,before 2022-09-04,churn_customer
ì§„ë¼ë©´ ìˆœí•œë§›,2023-01-20,2022-12-02,50,8,69,8.62,18,1141.0,16.536231884057973,0,2022-12-02,mid_term
ì§„ì§œë¬¼_,2023-01-20,2022-09-07,136,20,5161,258.05,265,63106.0,12.227475295485371,0,before 2022-09-04,long_term
ì§±ì˜ˆì§„,2022-10-31,2022-10-31,1,1,1,1.0,1,5.0,5.0,1,2022-10-31,churn_customer
ì©¡ìš°ì…ë‹ˆë‹¹,2022-09-06,2022-09-06,1,1,3,3.0,3,22.0,7.333333333333333,1,before 2022-09-04,churn_customer
ì«Œëˆˆ,2022-12-29,2022-11-16,44,7,15,2.14,1,284.0,18.933333333333334,1,2022-11-16,churn_customer
ì­ˆë””,2022-09-27,2022-09-27,1,1,1,1.0,1,6.0,6.0,1,before 2022-09-04,churn_customer
ì­ˆì•¼,2023-01-19,2023-01-06,14,2,46,23.0,10,937.0,20.369565217391305,0,2023-01-05,new_customer
ì®¸ëŸ¬ìŠ¤â¤ï¸,2022-09-27,2022-09-27,1,1,4,4.0,4,36.0,9.0,1,before 2022-09-04,churn_customer
ì°¡ìŠ¤,2023-01-20,2022-09-04,139,20,7595,379.75,271,90426.0,11.905990783410138,0,before 2022-09-04,long_term
ì°¨ë§¹,2022-12-07,2022-09-26,73,11,5717,519.73,482,87520.0,15.308728354031835,1,before 2022-09-04,churn_customer
ì°¨ì—¬ìš¸,2023-01-20,2022-11-08,74,11,369,33.55,22,9359.0,25.363143631436316,0,2022-11-08,mid_term
ì°¨ìœ¤,2022-10-16,2022-09-07,40,6,26,4.33,4,727.0,27.96153846153846,1,before 2022-09-04,churn_customer
ì°¸ë‹¤ë˜,2022-12-20,2022-09-09,103,15,19,1.27,1,260.0,13.68421052631579,1,before 2022-09-04,churn_customer
ì±„ìˆ˜ë¯¼,2022-12-25,2022-09-26,91,13,134,10.31,1,2373.0,17.708955223880597,1,before 2022-09-04,churn_customer
ì±„í‹°_,2023-01-20,2022-12-16,36,6,1628,271.33,301,25845.0,15.875307125307126,0,2022-12-15,mid_term
ì± ë¯¸,2023-01-20,2022-09-19,124,18,1025,56.94,35,34229.0,33.39414634146341,0,before 2022-09-04,long_term
ì²œë•…ëœŒ,2022-12-25,2022-10-28,59,9,159,17.67,2,1620.0,10.18867924528302,1,2022-10-28,churn_customer
ì²œë¯¸_,2022-10-30,2022-09-12,49,7,11,1.57,2,78.0,7.090909090909091,1,before 2022-09-04,churn_customer
ì²œì‚¬ê³µ,2023-01-20,2022-12-15,37,6,69,11.5,6,899.0,13.028985507246377,0,2022-12-14,mid_term
ì² êµ¬ë½•ì•Œ,2022-10-29,2022-10-28,2,1,25,25.0,25,368.0,14.72,1,2022-10-28,churn_customer
ì²«ëˆˆì—ë¿…,2022-12-10,2022-11-08,33,5,112,22.4,2,2116.0,18.892857142857142,1,2022-11-08,churn_customer
ì²­ë‹¤ë ¹,2022-11-02,2022-09-26,38,6,76,12.67,4,1838.0,24.18421052631579,1,before 2022-09-04,churn_customer
ì²­ì†”,2022-09-20,2022-09-20,1,1,3,3.0,3,49.0,16.333333333333332,1,before 2022-09-04,churn_customer
ì²´ë¦¬ì•„ì”¨,2023-01-20,2022-09-04,139,20,523,26.15,18,18512.0,35.395793499043975,0,before 2022-09-04,long_term
ì´ˆì‹¬ì•™í™”,2022-09-08,2022-09-07,2,1,2,2.0,2,9.0,4.5,1,before 2022-09-04,churn_customer
ì´ˆì—´,2022-09-10,2022-09-09,2,1,118,118.0,118,2501.0,21.194915254237287,1,before 2022-09-04,churn_customer
ì´ˆì´ë‘CHOIRANG,2022-10-09,2022-09-24,16,3,34,11.33,5,1033.0,30.38235294117647,1,before 2022-09-04,churn_customer
ì´ˆí•˜,2022-09-07,2022-09-07,1,1,3,3.0,3,75.0,25.0,1,before 2022-09-04,churn_customer
ìµœê³ í•˜ì˜ì´,2022-11-20,2022-10-10,42,6,16,2.67,3,699.0,43.6875,1,2022-10-10,churn_customer
ìµœì—°ìˆ˜,2022-11-15,2022-11-07,9,2,12,6.0,1,182.0,15.166666666666666,1,2022-10-16,churn_customer
ì¸„ë¹„ë¹„,2022-11-16,2022-10-24,24,4,3,0.75,1,47.0,15.666666666666666,1,2022-09-30,churn_customer
ì¸„ì‰,2022-10-23,2022-09-09,45,7,3,0.43,2,36.0,12.0,1,before 2022-09-04,churn_customer
ì¹˜ë¹„,2022-09-09,2022-09-06,4,1,4,4.0,4,105.0,26.25,1,before 2022-09-04,churn_customer
ì¹˜ì¦ˆë¯¸,2022-12-01,2022-11-11,21,3,5,1.67,3,95.0,19.0,1,before 2022-09-04,churn_customer
ì¹˜ì¹˜,2022-11-06,2022-09-20,48,7,29,4.14,10,360.0,12.413793103448276,1,before 2022-09-04,churn_customer
ìº„ë‚˜_,2022-12-31,2022-10-10,83,12,44,3.67,22,2800.0,63.63636363636363,1,before 2022-09-04,churn_customer
ìº‰ë‚œë‚˜,2023-01-20,2022-09-07,136,20,1378,68.9,50,28186.0,20.454281567489115,0,before 2022-09-04,long_term
ìºë‹ˆ,2023-01-19,2023-01-06,14,2,368,184.0,60,3482.0,9.46195652173913,0,2023-01-06,new_customer
ì»¤ìŠ¤í…€,2022-09-22,2022-09-22,1,1,1,1.0,1,13.0,13.0,1,before 2022-09-04,churn_customer
ì¿„ëƒ¥,2022-11-07,2022-11-07,1,1,3,3.0,3,54.0,18.0,1,before 2022-09-04,churn_customer
ì¿ ë§ˆë§ˆí•˜ë‚˜ë¹„,2022-10-25,2022-10-15,11,2,34,17.0,18,697.0,20.5,1,2022-10-15,churn_customer
ì¿¤ì—˜,2023-01-17,2022-11-27,52,8,475,59.38,31,8651.0,18.21263157894737,0,2022-11-27,mid_term
íì„¸,2022-12-21,2022-09-04,109,16,188,11.75,5,2103.0,11.186170212765957,1,before 2022-09-04,churn_customer
íì½”,2022-09-29,2022-09-08,22,4,13,3.25,7,148.0,11.384615384615385,1,before 2022-09-04,churn_customer
íí‹°í”„ë¦¬í‹°ìëª½í—ˆë‹ˆë¸”ë™í‹°,2022-11-17,2022-11-10,8,2,19,9.5,17,217.0,11.421052631578947,1,before 2022-09-04,churn_customer
í¬ë¦¼ë”©ê³ ,2023-01-19,2022-09-18,124,18,185,10.28,9,3074.0,16.616216216216216,0,before 2022-09-04,long_term
í´ë…•,2023-01-20,2023-01-18,3,1,138,138.0,138,1372.0,9.942028985507246,0,before 2022-09-04,new_customer
í‚¤ë¡±,2022-12-07,2022-09-04,95,14,4619,329.93,109,64871.0,14.04438190084434,1,before 2022-09-04,churn_customer
í‚¤ì£¼,2022-09-18,2022-09-09,10,2,15,7.5,2,253.0,16.866666666666667,1,before 2022-09-04,churn_customer
í‚¹ì—°ì‹œ,2022-12-20,2022-11-01,50,8,415,51.88,75,17320.0,41.734939759036145,1,2022-11-01,churn_customer
íƒ€ë¯¼,2022-11-28,2022-10-23,37,6,165,27.5,10,4314.0,26.145454545454545,1,2022-10-23,churn_customer
í† ëŒ,2022-10-17,2022-09-20,28,4,3,0.75,2,82.0,27.333333333333332,1,before 2022-09-04,churn_customer
í† ìš°ì½”,2023-01-13,2022-09-08,128,19,249,13.11,7,12994.0,52.18473895582329,0,before 2022-09-04,long_term
í‹°ë¯¸ë“œASMR,2022-12-31,2022-09-04,119,17,192,11.29,9,3404.0,17.729166666666668,1,before 2022-09-04,churn_customer
í‹°ì˜¤,2022-11-02,2022-11-02,1,1,6,6.0,6,45.0,7.5,1,2022-11-02,churn_customer
í‹°ì˜¤ë„¤,2022-10-27,2022-10-27,1,1,2,2.0,2,20.0,10.0,1,2022-10-27,churn_customer
íŒŒíŠ¸ë„ˆì‹­ ë§¤ë‹ˆì € ì™•ì°¬ìš±,2023-01-17,2022-12-14,35,5,38,7.6,2,1939.0,51.026315789473685,0,2022-12-14,new_customer
íŒ¬ì‹¬ NPCğŸ§šğŸ»â€â™€ï¸,2022-12-12,2022-09-05,99,15,53,3.53,4,3758.0,70.90566037735849,1,before 2022-09-04,churn_customer
íŒ¬ì‹¬ ìƒë‹´ì‚¬ì–¸ë‹ˆ,2022-12-09,2022-09-06,95,14,37,2.64,4,362.0,9.783783783783784,1,before 2022-09-04,churn_customer
íŒ¬ì‹¬M in ì§€ìŠ¤íƒ€,2022-11-28,2022-11-16,13,2,10,5.0,1,337.0,33.7,1,2022-11-14,churn_customer
íŒ¬ì‹¬M ê¶ë¬¼&í…ŒìŠ¤íŠ¸ë°©ğŸ’¬,2023-01-16,2023-01-05,12,2,45,22.5,2,887.0,19.711111111111112,0,before 2022-09-04,new_customer
íŒ¬ì‹¬M ê¶ë¬¼&í…ŒìŠ¤íŠ¸ë°©ğŸ˜²,2023-01-04,2022-09-08,119,17,105,6.18,5,3375.0,32.142857142857146,1,before 2022-09-04,churn_customer
íŒ¬ì‹¬M ì—¼ì›í•˜ê¸°ğŸ™,2022-12-09,2022-11-08,32,5,24,4.8,3,1145.0,47.708333333333336,1,2022-11-08,churn_customer
íŒ¬ì‹¬M ìš”ì›ë°©,2022-11-18,2022-11-14,5,1,27,27.0,27,621.0,23.0,1,2022-11-14,churn_customer
íŒ¬ì‹¬M íŒŒíŠ¸ë„ˆì‹­ ë§¤ë‹ˆì €,2023-01-02,2022-09-15,110,16,39,2.44,17,4047.0,103.76923076923077,1,before 2022-09-04,churn_customer
í„í„ì•¼,2022-11-15,2022-09-27,50,8,619,77.38,259,7038.0,11.369951534733442,1,before 2022-09-04,churn_customer
í‰ë²”ì…ë‹ˆë‹¤!,2022-10-20,2022-09-13,38,6,168,28.0,12,3163.0,18.827380952380953,1,before 2022-09-04,churn_customer
í°ì •ì•„,2023-01-02,2022-11-20,44,7,96,13.71,8,692.0,7.208333333333333,1,before 2022-09-04,churn_customer
í°í•˜ì—°,2022-12-14,2022-12-14,1,1,1,1.0,1,126.0,126.0,1,2022-12-14,churn_customer
í‘¸ë…¸ë…¸,2022-11-19,2022-09-08,73,11,16,1.45,1,298.0,18.625,1,before 2022-09-04,churn_customer
í‘¸ìŠ¤ìŠ¤,2022-11-28,2022-09-11,79,12,153,12.75,11,5609.0,36.66013071895425,1,before 2022-09-04,churn_customer
í”„ë¦¬ë‹›,2022-09-08,2022-09-08,1,1,3,3.0,3,72.0,24.0,1,before 2022-09-04,churn_customer
í”Œë£¨íŠ¸ë ˆë¯¸,2023-01-20,2022-09-05,138,20,2588,129.4,54,45867.0,17.722952086553324,0,before 2022-09-04,long_term
í”¼ë„¤ë‹˜,2023-01-19,2022-10-09,103,15,98,6.53,4,1497.0,15.275510204081632,0,before 2022-09-04,mid_term
í•˜ê¼¬ë‹˜,2023-01-19,2022-09-24,118,17,112,6.59,3,6653.0,59.401785714285715,0,before 2022-09-04,long_term
í•˜ê¿ˆ,2023-01-20,2022-09-04,139,20,1172,58.6,26,43764.0,37.341296928327644,0,before 2022-09-04,long_term
í•˜ë‚˜ë‚˜,2022-10-01,2022-09-30,2,1,17,17.0,17,169.0,9.941176470588236,1,before 2022-09-04,churn_customer
í•˜ë‚˜ëª¨,2022-10-05,2022-09-05,31,5,919,183.8,327,9891.0,10.76278563656148,1,before 2022-09-04,churn_customer
í•˜ë‚˜ëª¨_,2023-01-04,2022-11-03,63,9,1743,193.67,47,18188.0,10.434882386689615,1,2022-11-03,churn_customer
í•˜ë‹¤___,2023-01-20,2022-09-05,138,20,217,10.85,104,3944.0,18.17511520737327,0,before 2022-09-04,long_term
í•˜ë£¨ì§±,2023-01-17,2022-09-04,136,20,2544,127.2,46,49920.0,19.62264150943396,0,before 2022-09-04,long_term
í•˜ë§í•˜ë§í•˜ë§í•˜ë§í•˜ë§,2023-01-20,2022-09-23,120,18,5048,280.44,159,70297.0,13.925713153724248,0,before 2022-09-04,long_term
í•˜ë°,2022-12-09,2022-12-02,8,2,19,9.5,2,266.0,14.0,1,2022-12-02,churn_customer
í•˜ë¹ˆ_0620,2022-12-05,2022-11-03,33,5,4,0.8,1,80.0,20.0,1,2022-10-17,churn_customer
í•˜ì˜,2023-01-20,2022-10-01,112,16,3962,247.62,105,47963.0,12.105754669358909,0,before 2022-09-04,long_term
í•˜ìœ _ë³„,2022-10-29,2022-09-23,37,6,5,0.83,3,79.0,15.8,1,before 2022-09-04,churn_customer
í•˜ìŒíŒŒ,2023-01-20,2022-10-21,92,14,1121,80.07,92,18642.0,16.629794826048172,0,2022-10-21,mid_term
í•˜ì´ë¦°,2022-10-12,2022-10-12,1,1,28,28.0,28,307.0,10.964285714285714,1,2022-10-12,churn_customer
í•˜ì´ì½©,2022-11-27,2022-09-04,85,13,99,7.62,2,1272.0,12.848484848484848,1,before 2022-09-04,churn_customer
í•˜í•˜í˜¸í˜¸,2022-09-18,2022-09-06,13,2,13,6.5,8,67.0,5.153846153846154,1,before 2022-09-04,churn_customer
í•œê°€ëŒ,2023-01-09,2022-11-13,58,9,220,24.44,5,3935.0,17.886363636363637,1,before 2022-09-04,churn_customer
í•œë‚˜ë‘ ëšœëšœë‘ ì‚¼ë™ì´ğŸ”¥,2022-11-17,2022-11-17,1,1,12,12.0,12,106.0,8.833333333333334,1,before 2022-09-04,churn_customer
í•œë¼ë´„,2023-01-09,2022-09-15,117,17,549,32.29,2,9676.0,17.624772313296905,1,before 2022-09-04,churn_customer
í•œì„¸ê¸´,2022-12-06,2022-11-07,30,5,33,6.6,6,715.0,21.666666666666668,1,before 2022-09-04,churn_customer
í•œì†Œìœ¨_,2022-09-17,2022-09-17,1,1,5,5.0,5,54.0,10.8,1,before 2022-09-04,churn_customer
í•œì•„ë ¨,2023-01-14,2023-01-07,8,2,143,71.5,84,1906.0,13.328671328671328,0,2023-01-04,new_customer
í•œìš°ìœ ,2022-12-16,2022-10-03,75,11,347,31.55,47,12085.0,34.82708933717579,1,2022-10-02,churn_customer
í•œìš¸íŒ,2023-01-19,2022-11-27,54,8,18,2.25,2,206.0,11.444444444444445,0,2022-11-25,mid_term
í•´ê¹Œë‹¥ì—¬ìš¸ì´,2023-01-19,2022-09-09,133,19,907,47.74,3,23734.0,26.167585446527013,0,before 2022-09-04,long_term
í•´ë“ì´,2022-12-03,2022-10-11,54,8,406,50.75,1,5884.0,14.492610837438423,1,2022-10-11,churn_customer
í•´í† ,2022-12-29,2022-12-17,13,2,1579,789.5,692,21737.0,13.766307789740342,1,2022-12-17,churn_customer
í–„í† ëƒ¥,2022-11-08,2022-10-20,20,3,108,36.0,13,1361.0,12.601851851851851,1,before 2022-09-04,churn_customer
í—¤ë‹ˆ Henny,2022-12-27,2022-12-27,1,1,1,1.0,1,2.0,2.0,1,2022-12-27,churn_customer
í˜ê°•ì´__,2022-09-26,2022-09-26,1,1,1,1.0,1,9.0,9.0,1,before 2022-09-04,churn_customer
í˜œì•„,2022-11-11,2022-09-04,69,10,32,3.2,13,501.0,15.65625,1,before 2022-09-04,churn_customer
í˜¸ì•„ìš”,2022-11-11,2022-11-11,1,1,3,3.0,3,8.0,2.6666666666666665,1,2022-11-10,churn_customer
í™êµ¬ë¦¬_official,2023-01-16,2023-01-09,8,2,32,16.0,18,1167.0,36.46875,0,2023-01-09,new_customer
í™ì„¸ë¹„,2023-01-20,2022-09-04,139,20,510,25.5,24,8240.0,16.15686274509804,0,before 2022-09-04,long_term
íš¨ì˜,2022-11-15,2022-09-29,48,7,229,32.71,13,11985.0,52.33624454148472,1,2022-09-28,churn_customer
í›„__,2023-01-18,2022-09-04,137,20,1688,84.4,14,56893.0,33.704383886255926,0,before 2022-09-04,long_term
í‰ì„±,2022-11-20,2022-10-12,40,6,15,2.5,2,245.0,16.333333333333332,1,before 2022-09-04,churn_customer
í¥ë…•,2022-11-21,2022-09-04,79,12,52,4.33,3,2816.0,54.15384615384615,1,before 2022-09-04,churn_customer
í°ë‚˜ë¹„,2023-01-20,2023-01-03,18,3,95,31.67,27,5457.0,57.44210526315789,0,2023-01-02,new_customer
íˆë°ì˜ˆìš”,2023-01-20,2022-09-04,139,20,19879,993.95,132,412879.0,20.769606117007896,0,before 2022-09-04,long_term
íˆë¼ì‚¬ì™€í•˜ë‚˜,2022-12-10,2022-10-08,64,10,12,1.2,1,234.0,19.5,1,before 2022-09-04,churn_customer
íˆìš”ì½”,2022-10-17,2022-09-28,20,3,3189,1063.0,1086,37460.0,11.746629037315772,1,2022-09-28,churn_customer
íˆì‰ë”°,2023-01-19,2022-12-02,49,7,255,36.43,15,8269.0,32.42745098039216,0,before 2022-09-04,mid_term
íˆì°¨,2022-12-07,2022-11-27,11,2,690,345.0,460,16677.0,24.169565217391305,1,2022-11-18,churn_customer
ğŸ’ì²´ë¦¬ì‰¬_ë¬¸ë°±ì°¬,2022-12-08,2022-09-04,96,14,2556,182.57,57,89881.0,35.16471048513302,1,before 2022-09-04,churn_customer
ğŸ’ì²´ë¦¬ì‰¬_ë¯¼ì˜ë³´,2023-01-06,2022-09-04,125,18,4047,224.83,199,189818.0,46.903385223622436,1,before 2022-09-04,churn_customer
ğŸ’ì²´ë¦¬ì‰¬_ë°˜ì´ì•ˆ,2023-01-20,2022-09-04,139,20,2704,135.2,115,97652.0,36.11390532544379,0,before 2022-09-04,long_term
ğŸ’ì²´ë¦¬ì‰¬_ì„¤ ìœ¤,2023-01-20,2022-09-04,139,20,2095,104.75,140,48277.0,23.043914081145584,0,before 2022-09-04,long_term
ğŸ’ì²´ë¦¬ì‰¬_ì˜¨í•´ë¹ˆ,2023-01-20,2022-09-04,139,20,1875,93.75,165,39364.0,20.994133333333334,0,before 2022-09-04,long_term
ğŸ’ì²´ë¦¬ì‰¬_ìœ¤í˜¸ë¦¼,2023-01-19,2022-09-04,138,20,2171,108.55,153,49264.0,22.69184707508061,0,before 2022-09-04,long_term
ğŸ“ì•„ì¹´ì˜,2022-11-09,2022-10-05,36,6,1643,273.83,327,22724.0,13.830797321972003,1,before 2022-09-04,churn_customer
ğŸ¼í•œìš°ìœ ,2023-01-20,2022-12-21,31,5,261,52.2,100,5822.0,22.306513409961685,0,before 2022-09-04,new_customer
ğŸ‘¿ë¥´ë¦‰ì´,2023-01-20,2022-11-27,55,8,167,20.88,2,1573.0,9.419161676646707,0,before 2022-09-04,mid_term
ğŸ“¢ì˜¤ëŠ˜ì˜íŒ¬ì‹¬ ver.03,2022-11-07,2022-09-04,65,10,2012,201.2,6,178505.0,88.72017892644135,1,before 2022-09-04,churn_customer
ğŸ”®ë‰¸ë‰´,2023-01-18,2023-01-13,6,1,83,83.0,83,615.0,7.409638554216867,0,before 2022-09-04,new_customer
ğŸ–¤ê¸°ë˜ë¯¼,2023-01-20,2022-11-28,54,8,966,120.75,105,15950.0,16.511387163561075,0,before 2022-09-04,mid_term
