chat_room_id,last_fan_chat_date,first_fan_chat_date,fan_chat_period,fan_chat_week,fan_chat_count,avg_fan_chat,last_week_fan_chat_count,sticker_count,Total_sticker_sales,avg_sticker_price,user_nickname
sendbird_group_channel_100098601_8588e70ceb6ad4538f8cd750040503f0281e2256,2022-11-30,2022-11-15,16.0,3.0,23.0,7.67,6.0,0.0,0.0,0.0,íŒ¬ì‹¬M in ì§€ìŠ¤íƒ€
sendbird_group_channel_100230212_d09bcba2f742f5e2eccfa93929cac768ea781690,2023-01-20,2022-11-15,67.0,10.0,891.0,89.1,31.0,0.0,0.0,0.0,ê¹€ë„¤ë¡œ
sendbird_group_channel_100311155_0b3a8d43c52f47f7fc8a64f7be914c5449f3db9e,2023-01-01,2022-11-16,47.0,7.0,22.0,3.14,1.0,0.0,0.0,0.0,ì«Œëˆˆ
sendbird_group_channel_100349582_b3e0ea76ba8e8e82d84c7883fb00249a381b0a09,2023-01-20,2022-11-17,65.0,10.0,1106.0,110.6,153.0,0.0,0.0,0.0,ì• ì¸„
sendbird_group_channel_100393628_3311cc39eeafde271bc8e3c2c74b6c3b6abb9407,2023-01-04,2022-12-06,30.0,5.0,4.0,0.8,1.0,0.0,0.0,0.0,ìœ ë‹¤ì´
sendbird_group_channel_100429302_50128ccdaa262dcc80735f8bea1ae7963a0adacf,2023-01-15,2022-11-22,55.0,8.0,884.0,110.5,8.0,0.0,0.0,0.0,ë°•ë³„
sendbird_group_channel_100439595_2941efd058564baabe53c218e11f2692f60e0654,2023-01-10,2022-11-17,55.0,8.0,28.0,3.5,1.0,0.0,0.0,0.0,ë‚˜ë¦¬
sendbird_group_channel_100450858_44307de9f12cc8a26b36231b54c28bfff7d06c72,2023-01-19,2022-11-18,63.0,9.0,315.0,35.0,4.0,0.0,0.0,0.0,ë„ë¼ìˆ‘
sendbird_group_channel_100477684_c5a2103d516111f15f9a72bd16b9b16dcbcb76e3,2023-01-20,2022-11-18,64.0,10.0,777.0,77.7,125.0,0.0,0.0,0.0,ê±´ì›
sendbird_group_channel_100550222_8e976b9673ff62a4c7320b8ff9192b16e30bad95,2023-01-19,2022-11-19,62.0,9.0,369.0,41.0,20.0,33.0,350.0,10.6,ì£¼í”¼ë””
sendbird_group_channel_100913307_0c46d90c964694d791f535b3a2e76c937ae604f5,2023-01-20,2022-11-21,61.0,9.0,594.0,66.0,7.0,1.0,10.0,10.0,ë°”ë² 
sendbird_group_channel_100937763_03fbeba5c72a181e7eba8c97598507ea9bf0716e,2023-01-18,2022-11-24,56.0,8.0,137.0,17.12,7.0,0.0,0.0,0.0,ë¦¬ìš”ì¹˜
sendbird_group_channel_100972710_3b096addf9b98292d4064af4c8c4b4dca828ef98,2023-01-20,2022-11-21,61.0,9.0,5535.0,615.0,780.0,0.0,0.0,0.0,ì„œ2
sendbird_group_channel_100996834_0606fa4c4e4b6ed8ca895ca84df6f550a3006178,2022-12-26,2022-11-22,35.0,5.0,145.0,29.0,1.0,0.0,0.0,0.0,ê¹€ëª½í•˜
sendbird_group_channel_101004369_9e88b897d9a20eca48ba2dc06d38ecd53b9a8bf9,2023-01-15,2022-11-22,55.0,8.0,2380.0,297.5,4.0,1.0,20.0,20.0,ì•„ë…¸
sendbird_group_channel_101083581_51e42c2a6374eb7582a2d367c7c27c9045a2dbef,2023-01-19,2022-12-27,24.0,4.0,9.0,2.25,2.0,0.0,0.0,0.0,ì— ì…€ì˜¤ì´ê³µ
sendbird_group_channel_101089905_411f965562acf5581793c2ad9c07233b89b2f620,2022-11-23,2022-11-23,1.0,1.0,1.0,1.0,1.0,0.0,0.0,0.0,ê²”ê²”
sendbird_group_channel_101094081_9a68f7a7060f1088f457b53dba77990b9317a133,2022-12-05,2022-12-02,4.0,1.0,3.0,3.0,3.0,0.0,0.0,0.0,ê°•í•˜ë¡œ
sendbird_group_channel_101172165_5627307dd393998c8530d709e146b8862ac9a82c,2023-01-18,2022-11-24,56.0,8.0,119.0,14.88,1.0,1.0,10.0,10.0,ë¬¸ë§˜
sendbird_group_channel_101332553_62233dc97a09c9bb9b7afd8cce14ad84b1515e4b,2022-12-07,2022-11-27,11.0,2.0,1105.0,552.5,759.0,0.0,0.0,0.0,íˆì°¨
sendbird_group_channel_101342453_90673cf7452d012471d2ef4aa5f0e5b225cb4dd1,2023-01-20,2022-11-26,56.0,8.0,1861.0,232.62,88.0,0.0,0.0,0.0,Chu_a
sendbird_group_channel_101385009_ac0f714b2480753112b723c8f3aa151807fec11b,2023-01-20,2022-11-27,55.0,8.0,1220.0,152.5,50.0,0.0,0.0,0.0,ì¿¤ì—˜
sendbird_group_channel_101388135_9e530caf2b54d91c3f9350e87f50e1663281e395,2022-12-24,2022-11-27,28.0,4.0,58.0,14.5,8.0,0.0,0.0,0.0,ì•Œë¼ë¯¸
sendbird_group_channel_101399643_acaae41eaa00bca73de730ddeb42265bcb98d6a1,2022-12-01,2022-11-29,3.0,1.0,28.0,28.0,28.0,0.0,0.0,0.0,ê³ ìš´ë³„
sendbird_group_channel_101835447_2b1fbd70f1116894b8fbaf27dbdae0d7e9626465,2022-12-24,2022-12-02,23.0,4.0,39.0,9.75,2.0,0.0,0.0,0.0,í•˜ë°
sendbird_group_channel_102002194_58ff0b0e8ba6d41f491ab2c7c19a87e8261e395f,2022-12-04,2022-12-04,1.0,1.0,5.0,5.0,5.0,0.0,0.0,0.0,bbbbbb
sendbird_group_channel_102093465_21e51dac9aebc368074d07594fae8849b58657c4,2022-12-05,2022-12-05,1.0,1.0,1.0,1.0,1.0,0.0,0.0,0.0,cha26ting
sendbird_group_channel_102108918_ae93cd0527adc35efb79a87ebe30067ba882d20a,2022-12-23,2022-12-05,19.0,3.0,25.0,8.33,7.0,0.0,0.0,0.0,ì¼í•˜ëŠ”ìš©í˜•
sendbird_group_channel_102235779_e2af3a24702cb60dbdcfd6235ebcf430c0185254,2023-01-20,2022-12-07,45.0,7.0,623.0,89.0,66.0,7.0,350.0,50.0,ëƒ¥ìŠ¬
sendbird_group_channel_102284382_1b0ac1e861335dea2a3df6f9a9489d663e2471b7,2022-12-29,2022-12-07,23.0,4.0,63.0,15.75,5.0,0.0,0.0,0.0,ìŠ¹ì—°
sendbird_group_channel_102284444_452079d577f7f1d591bf973294ced0b9dbd88d89,2022-12-14,2022-12-07,8.0,2.0,15.0,7.5,13.0,0.0,0.0,0.0,ëŒì´
sendbird_group_channel_102284592_5a42ac20012308704671095db896f9f2b0264c18,2022-12-16,2022-12-07,10.0,2.0,9.0,4.5,5.0,0.0,0.0,0.0,â˜€ï¸ì¥¬
sendbird_group_channel_102285470_690b0b0ca905ac7106b3915e20ef441d064db313,2023-01-20,2022-12-07,45.0,7.0,6273.0,896.14,707.0,2.0,60.0,30.0,ë¼ë‚˜â¤
sendbird_group_channel_102310539_f5033b839263de76ea346a7e120608b6b20210f0,2023-01-20,2022-12-07,45.0,7.0,123.0,17.57,2.0,0.0,0.0,0.0,ë¯¼ì„œê³µì´
sendbird_group_channel_102487442_7c9f52e0fcbe0b8d65884c770327899ffd2edb3b,2023-01-20,2022-12-09,43.0,7.0,2135.0,305.0,386.0,2.0,20.0,10.0,ì´ì§€ê°
sendbird_group_channel_102489016_88ee93033b80373a22de2130e47a9cf31bbaef6f,2023-01-18,2022-12-10,40.0,6.0,299.0,49.83,28.0,0.0,0.0,0.0,ë‚¨ê·¹ì„
sendbird_group_channel_102511758_76223641b71496a1ab230874192afb913c1651da,2022-12-15,2022-12-15,1.0,1.0,1.0,1.0,1.0,0.0,0.0,0.0,ìœ ì£¼ëƒ¥ ğŸ’—
sendbird_group_channel_102647015_dd25d76799c16d9cd842b57e74b2cfa12c86de3e,2022-12-11,2022-12-11,1.0,1.0,1.0,1.0,1.0,0.0,0.0,0.0,ë„¤ì˜¨ë‹¬
sendbird_group_channel_102715757_9cff5a7b80ae2a071d20b7f9e779b0c910492928,2023-01-20,2022-12-12,40.0,6.0,1011.0,168.5,49.0,1.0,35.0,35.0,ë°•ë””ë¼
sendbird_group_channel_102746533_7bf419bf609f4cfb32aab526add0148c88be5074,2022-12-12,2022-12-12,1.0,1.0,37.0,37.0,37.0,0.0,0.0,0.0,ì€ì •
sendbird_group_channel_102749234_433007af4fced2ea1e576ac0ebc9a9342eda8688,2023-01-20,2022-12-12,40.0,6.0,2834.0,472.33,139.0,4.0,65.0,16.2,LAO
sendbird_group_channel_102763273_d9f6b0c52eda0eb7f8ff42c188cb4c96a30126b5,2022-12-18,2022-12-16,3.0,1.0,5.0,5.0,5.0,0.0,0.0,0.0,ë§ˆë¹™
sendbird_group_channel_102786836_d9ccd684a8c40adf3b5e103407fe3b9b211e2028,2023-01-10,2022-12-12,30.0,5.0,17.0,3.4,1.0,0.0,0.0,0.0,ë¦¬ë¦¬í•˜ RIRIHA
sendbird_group_channel_102848727_d75b827de8bc7974ffb75ae8ccc9cac59d84abc8,2023-01-20,2022-12-13,39.0,6.0,1357.0,226.17,277.0,2.0,70.0,35.0,ë¯¸ë¥´_MIR
sendbird_group_channel_102953038_14fbcbcb784f839d73e2c37f52ca2ba1d5c4ae1b,2023-01-20,2022-12-14,38.0,6.0,2774.0,462.33,404.0,4.0,88.0,22.0,ë„ë¡±ì± 
sendbird_group_channel_103060085_29a071856a0fc12a1d243ea2b21bd6055d63bc87,2023-01-20,2022-12-15,37.0,6.0,777.0,129.5,31.0,0.0,0.0,0.0,ìœ¤í•˜ë¹ˆ
sendbird_group_channel_103082028_0b0968b6e30c2fcfff33b6aa4b331f4ea56f20dd,2023-01-19,2022-12-15,36.0,6.0,123.0,20.5,41.0,1.0,10.0,10.0,ë€¨ì•Œ2
sendbird_group_channel_103089687_a2a01e2acaf8913c5c4df2b096f0d99e38e00e1a,2023-01-20,2022-12-16,36.0,6.0,3815.0,635.83,868.0,66.0,1265.0,19.2,ì±„í‹°_
sendbird_group_channel_103192652_dc1f28de261bc3b2fec0ff3c1460543fc6ace229,2023-01-10,2023-01-09,2.0,1.0,6.0,6.0,6.0,0.0,0.0,0.0,ì‚¬ëšœ
sendbird_group_channel_103227099_21c71e5b1f799ac4fd0a92601ecff99488837a18,2023-01-08,2022-12-17,23.0,4.0,30.0,7.5,1.0,0.0,0.0,0.0,ë ë‹ë€¨
sendbird_group_channel_103260217_a9a67cb30e5f61c70319b0d9e98f869ad0a18275,2022-12-30,2022-12-17,14.0,2.0,3383.0,1691.5,1222.0,4.0,510.0,127.5,í•´í† 
sendbird_group_channel_103281298_6363ddacb75663c5091b72ceb4a5b5c944fa7984,2023-01-19,2022-12-17,34.0,5.0,977.0,195.4,4.0,1.0,10.0,10.0,ì¥ì¥ê³ 
sendbird_group_channel_103453062_8cc6eee951211edefd52c806b8ea288889c8c125,2023-01-20,2022-12-19,33.0,5.0,3769.0,753.8,170.0,1.0,10.0,10.0,_ë³´ì•¼
sendbird_group_channel_103608077_e063337a0c8a55f2f54bbdfd6fcf35f950d51ac3,2023-01-12,2022-12-28,16.0,3.0,10.0,3.33,2.0,0.0,0.0,0.0,Eíš¨
sendbird_group_channel_103696029_37bff04781b81691b2fe38a2943e68fef7ceb0a4,2023-01-17,2022-12-22,27.0,4.0,21.0,5.25,9.0,0.0,0.0,0.0,ì–‘ì´ì„œ
sendbird_group_channel_103726553_37ac76df5584b3d60722f4389b632d229484d36f,2023-01-20,2022-12-22,30.0,5.0,241.0,48.2,21.0,0.0,0.0,0.0,ìš°ëª¨
sendbird_group_channel_103914248_e71db23e6e002a7d46e33b0ce7c1f17ccecf48a0,2023-01-20,2022-12-30,22.0,4.0,186.0,46.5,2.0,0.0,0.0,0.0,ë¼ì½”íƒ€
sendbird_group_channel_103950201_89db9c3b9047a55ca1d084d95a229b7bcf8be2fc,2023-01-20,2022-12-23,29.0,5.0,424.0,84.8,40.0,6.0,845.0,140.8,ë³´ë‚˜
sendbird_group_channel_104110700_bab977dc31a7d8444fa8ac9587a19ab5470973ed,2023-01-19,2022-12-24,27.0,4.0,193.0,48.25,51.0,0.0,0.0,0.0,ë‹¬ë¹„
sendbird_group_channel_104364869_f2335444e7582f5274c06da39ad8a5d022525dea,2023-01-20,2022-12-27,25.0,4.0,197.0,49.25,14.0,0.0,0.0,0.0,ê²Œë Œ
sendbird_group_channel_104389289_26ff6085b40639102d404d46d80c18a9d9db842d,2023-01-13,2022-12-27,18.0,3.0,31.0,10.33,7.0,0.0,0.0,0.0,ë”œí”Œ
sendbird_group_channel_104527082_f0820cff19bcf2f9a80343f0675c37477fbe56a0,2023-01-19,2022-12-28,23.0,4.0,590.0,147.5,125.0,0.0,0.0,0.0,ë‹¨ì•„ëª½
sendbird_group_channel_104530180_c2d755870752e43de9a017ce50a28e94409b810f,2023-01-20,2022-12-28,24.0,4.0,67.0,16.75,4.0,3.0,95.0,31.7,ì”½êµ¬
sendbird_group_channel_104712658_c9774465778ecce5e2fe79553d33da39812bbe32,2023-01-20,2022-12-30,22.0,4.0,4147.0,1036.75,1040.0,0.0,0.0,0.0,ì€í•˜ìœ¤
sendbird_group_channel_104817228_20ffa034c42d81a89f02bb745666809623e4f030,2023-01-20,2022-12-31,21.0,3.0,745.0,248.33,101.0,0.0,0.0,0.0,ë“œì—‰ì´
sendbird_group_channel_104882107_015da9455c13ebeba346b04b4575ae9d9e13fc6a,2023-01-20,2022-12-31,21.0,3.0,419.0,139.67,70.0,3.0,53.0,17.7,ì‚¼ì‹œì˜¤
sendbird_group_channel_104890054_81fe9dbddb4f5ce7c607c68ed5d893d5ef65872e,2023-01-20,2022-12-31,21.0,3.0,474.0,158.0,123.0,0.0,0.0,0.0,ì™•ìë£¡
sendbird_group_channel_104934884_5978be5583cf4e47163c4105bcd7a8c89bfe895f,2023-01-20,2023-01-01,20.0,3.0,222.0,74.0,70.0,0.0,0.0,0.0,ì¼ì¼
sendbird_group_channel_105022348_a015644ac9a88c71e73da56cff43b9dc7c8396f3,2023-01-02,2023-01-02,1.0,1.0,1.0,1.0,1.0,0.0,0.0,0.0,JvckWai
sendbird_group_channel_105120220_665900a5497badcb363f302084d103257225e7d1,2023-01-20,2023-01-02,19.0,3.0,2563.0,854.33,583.0,23.0,41.0,1.8,ìœ¤ìš°ë¦¬
sendbird_group_channel_105132015_e8fdfceea4431fa63f350305ec313097e883688e,2023-01-20,2023-01-03,18.0,3.0,168.0,56.0,52.0,0.0,0.0,0.0,í°ë‚˜ë¹„
sendbird_group_channel_105348666_1f79771a6dd7a4945d5b7bea67765872e580f348,2023-01-18,2023-01-06,13.0,2.0,83.0,41.5,14.0,1.0,35.0,35.0,í•œì•„ë ¨
sendbird_group_channel_105458343_12c93f1b9d7a640258d7228fc8efb7849714512b,2023-01-20,2023-01-06,15.0,3.0,117.0,39.0,24.0,1.0,35.0,35.0,ì­ˆì•¼
sendbird_group_channel_105471396_1c4444bc0f5cbd9a76cefe5e5070cea412896e81,2023-01-20,2023-01-18,3.0,1.0,20.0,20.0,20.0,0.0,0.0,0.0,ìŠ¹ìš±ì´
sendbird_group_channel_105565376_6952cce96d1c518ea5832045fb484131845f90f7,2023-01-20,2023-01-07,14.0,2.0,2956.0,1478.0,1123.0,9.0,520.0,57.8,ë°”ë³´ìƒˆ
sendbird_group_channel_105604914_27113696c023e7ca654a08cf2e4b86fe3e65d274,2023-01-20,2023-01-06,15.0,3.0,301.0,100.33,65.0,0.0,0.0,0.0,ë‹¬ë¹„ë‹ˆ
sendbird_group_channel_105618550_79d5a6b904d651428652582cdcc0f2678fc48c11,2023-01-18,2023-01-06,13.0,2.0,480.0,240.0,87.0,0.0,0.0,0.0,ìºë‹ˆ
sendbird_group_channel_105683524_5a599b0c450b7eeb8f4ed9746496199161614405,2023-01-20,2023-01-08,13.0,2.0,182.0,91.0,108.0,7.0,143.0,20.4,ê¾¸ì•¼
sendbird_group_channel_105703788_498f4e24cb3b751ee2f4082bf1e3dc5f311c9988,2023-01-11,2023-01-07,5.0,1.0,61.0,61.0,61.0,0.0,0.0,0.0,ê°€í˜„~
sendbird_group_channel_105755323_0632edeeda3eb7a86c9ece8a3472067248e0f941,2023-01-07,2023-01-07,1.0,1.0,3.0,3.0,3.0,0.0,0.0,0.0,O
sendbird_group_channel_105808021_814be36fedc12c70e94e40de040bc446556a866d,2023-01-20,2023-01-09,12.0,2.0,432.0,216.0,231.0,4.0,150.0,37.5,ë°±ì„¤ì–‘
sendbird_group_channel_105894418_fe24c4f7ad04ab12dc370d46f8b5830215bca299,2023-01-17,2023-01-09,9.0,2.0,39.0,19.5,13.0,0.0,0.0,0.0,í™êµ¬ë¦¬_official
sendbird_group_channel_105980986_732598b18a58141731f7bc1475ba5365224aa077,2023-01-12,2023-01-12,1.0,1.0,3.0,3.0,3.0,0.0,0.0,0.0,ë°¤í‹°(Bombty)
sendbird_group_channel_106189385_bf15fa132e5be01bf5c6b3f5a4862de006da5cf0,2023-01-17,2023-01-12,6.0,1.0,120.0,120.0,120.0,0.0,0.0,0.0,ìœ„ì¦ë¦¬ì–´ì¹´
sendbird_group_channel_106341224_8d0f9bc192d3d55fbf4a6184c900eb286e0450da,2023-01-18,2023-01-18,1.0,1.0,1.0,1.0,1.0,0.0,0.0,0.0,ë½€ìˆœ
sendbird_group_channel_106712104_139410174cfd4b4b9bf1eb12843340bb43ada18f,2023-01-18,2023-01-18,1.0,1.0,3.0,3.0,3.0,2.0,20.0,10.0,109
sendbird_group_channel_106904343_83487e2f1efe998011f1ae0452b5ae13a74f0514,2023-01-20,2023-01-19,2.0,1.0,26.0,26.0,26.0,0.0,0.0,0.0,ë„í•˜
sendbird_group_channel_38626238_e37a5a0ab65c1141253bba1c401b56ba6795270a,2022-11-08,2022-11-08,1.0,1.0,1.0,1.0,1.0,0.0,0.0,0.0,ë§ì½ NO.1 ê³ ì˜í¬ ğŸˆ
sendbird_group_channel_38649690_0c2f6fa0c6fd20d0b2a64eec515b396dddab5a62,2023-01-20,2022-09-04,139.0,20.0,4502.0,225.1,250.0,213.0,12312.0,57.8,ìœ„ì¹­
sendbird_group_channel_40288802_2a32013870e1574fbf3a949dcd7d3185b0770990,2022-10-30,2022-10-30,1.0,1.0,1.0,1.0,1.0,0.0,0.0,0.0,ì¡°ì˜ì¡°ì˜  ë¹„ì„œ
sendbird_group_channel_40332349_a89757674c99698a58d35a19fa27ae6c4c685d1c,2023-01-20,2022-09-04,139.0,20.0,395.0,19.75,8.0,0.0,0.0,0.0,ì¬ë¯¸ìˆë‹¤ã… (jaemi_fun)
sendbird_group_channel_40333614_8526b4ea1f85c7f78143e2f5f3c89c4fd6786566,2022-11-18,2022-10-28,22.0,4.0,6.0,1.5,4.0,0.0,0.0,0.0,ì–´ì¨ë¯¸
sendbird_group_channel_40334281_980a6107ef2db747e3347e85086b7c986fe314cc,2022-12-31,2022-12-31,1.0,1.0,2.0,2.0,2.0,0.0,0.0,0.0,ì¡°ì˜ì¡°ì˜  ë¹„ì„œ
sendbird_group_channel_40401805_7dfe79636f74fd74994c1b3d70dad7165637fd28,2023-01-20,2022-09-04,139.0,20.0,1473.0,73.65,32.0,0.0,0.0,0.0,ì˜¨_ON
sendbird_group_channel_40448928_b912feda151094f404f0aa5c473511d1b46e755b,2022-11-28,2022-09-21,69.0,10.0,16.0,1.6,3.0,0.0,0.0,0.0,ê¹€ì„¸í”¼
sendbird_group_channel_41626803_28fe1747e2ba0e6c129b4b91832761467b0a4598,2022-09-09,2022-09-07,3.0,1.0,5.0,5.0,5.0,0.0,0.0,0.0,
sendbird_group_channel_42176637_bdbeb129272deb568d36c79b99bb6fcca0fb6782,2022-11-24,2022-11-24,1.0,1.0,1.0,1.0,1.0,0.0,0.0,0.0,
sendbird_group_channel_45236526_b830934347148677440016a5bb37c3360771d618,2023-01-17,2022-09-04,136.0,20.0,134.0,6.7,4.0,3.0,1100.0,366.7,íŒ¬ì‹¬M ê¶ë¬¼&í…ŒìŠ¤íŠ¸ë°©ğŸ’¬
sendbird_group_channel_46714279_5689ed3637baad58fe1470d2a715fae269a6cac7,2023-01-20,2022-09-04,139.0,20.0,793.0,39.65,5.0,3.0,300.0,100.0,ì„ì„ ë¹„
sendbird_group_channel_46726196_3fbb0f7f6b3e17aeeaf92344936d64e246220703,2023-01-07,2022-09-08,122.0,18.0,57.0,3.17,1.0,0.0,0.0,0.0,ëˆˆëˆ„ë‚¨ê·œ
sendbird_group_channel_46871416_a1d6f66f50af8f139defc34186fd673bababa179,2023-01-08,2022-10-26,75.0,11.0,29.0,2.64,2.0,7.0,1700.0,242.9,ì—˜í”„ë ˆë‹¤
sendbird_group_channel_46903586_4e5872cf4bcc36c902e678a5499100909c63f6da,2023-01-19,2022-09-25,117.0,17.0,213.0,12.53,14.0,0.0,0.0,0.0,ì˜¤ë¶„ì´
sendbird_group_channel_46928750_a7e99249b2549424100b4ca1cfaac4a7ad2e579c,2022-11-24,2022-09-09,77.0,11.0,4.0,0.36,1.0,0.0,0.0,0.0,
sendbird_group_channel_46975584_a12ede192644dcf40b34066de0b372b6a488c020,2023-01-18,2022-09-06,135.0,20.0,879.0,43.95,29.0,6.0,60.0,10.0,ë‚˜ìœ¤
sendbird_group_channel_47098094_2294fbf112696fd6f46d2bf2907e3a42134a87a9,2023-01-20,2022-09-04,139.0,20.0,562.0,28.1,34.0,0.0,0.0,0.0,ê°±ë§˜
sendbird_group_channel_47137877_f7e02b815f14282698e113af34bf14452d87d316,2023-01-20,2022-09-04,139.0,20.0,1658.0,82.9,30.0,0.0,0.0,0.0,ë½€ë¦°ê±¸
sendbird_group_channel_47177928_6d5a8808975a44b7b6f6864e25e4785aff4120c6,2022-09-21,2022-09-21,1.0,1.0,1.0,1.0,1.0,0.0,0.0,0.0,
sendbird_group_channel_47285998_c55544ca7673a3c98e754cd8aec6d69abd2dc220,2022-09-22,2022-09-22,1.0,1.0,1.0,1.0,1.0,0.0,0.0,0.0,
sendbird_group_channel_47434712_1b4c1283dc929dc55f2725ca5cdbf7ab22bab1a2,2023-01-06,2022-09-04,125.0,18.0,3842.0,213.44,94.0,2.0,60.0,30.0,ìƒˆë‹´
sendbird_group_channel_47453469_fc79fbf092cd5496e5703356514e06636d320856,2022-12-31,2022-09-14,109.0,16.0,55.0,3.44,24.0,0.0,0.0,0.0,ìº„ë‚˜_
sendbird_group_channel_47499674_1c73aaf2822e5dd122fe87e12b575715aab90a12,2022-11-22,2022-11-22,1.0,1.0,2.0,2.0,2.0,0.0,0.0,0.0,ì¡°ì˜ì¡°ì˜  ë¹„ì„œ
sendbird_group_channel_47727291_ec3ac8557c8fecd738cedaefcb3c0d3dc89e6c47,2023-01-17,2022-09-04,136.0,20.0,69.0,3.45,11.0,1.0,50.0,50.0,êµ¥ì´
sendbird_group_channel_47729411_8537f3e2e83bd1ada3d190127459510a5dc953ed,2023-01-20,2022-09-07,136.0,20.0,2343.0,117.15,25.0,477.0,15330.0,32.1,ë°±ê³°íŒŒ
sendbird_group_channel_47885763_3542e7cfb91d81ee6aacf555d03bad205273de69,2022-10-12,2022-10-12,1.0,1.0,1.0,1.0,1.0,0.0,0.0,0.0,ì—°í•˜ë‘ _
sendbird_group_channel_48427838_529ef32f276fbc075f5114e08de8ca6a9991a3c3,2022-12-13,2022-11-14,30.0,5.0,5.0,1.0,1.0,0.0,0.0,0.0,ë‹¹ë³´
sendbird_group_channel_48478281_9cb55094caad67029af395b0528134ef71b48717,2023-01-19,2022-09-04,138.0,20.0,317.0,15.85,57.0,0.0,0.0,0.0,ê¹€ë´„ì´
sendbird_group_channel_48950387_2dc951b752fe7f1cf0a7f8038a02acdfa039632a,2022-09-25,2022-09-19,7.0,1.0,4.0,4.0,4.0,0.0,0.0,0.0,
sendbird_group_channel_49024534_ff666994f358509bdea7e1eac4846a0630ece1db,2022-10-24,2022-10-24,1.0,1.0,1.0,1.0,1.0,0.0,0.0,0.0,
sendbird_group_channel_49355222_ceafd868e45a929fb3572ca49e72c7dabd7206ef,2022-10-13,2022-10-13,1.0,1.0,2.0,2.0,2.0,0.0,0.0,0.0,
sendbird_group_channel_49355617_a7a94e8105e27457bd3492eeb3b38cb49117b6df,2023-01-19,2022-09-15,127.0,19.0,758.0,39.89,48.0,0.0,0.0,0.0,ì‰ì‹¸
sendbird_group_channel_49355789_02f5189ca5e89a89372eab37d20de031e1ce6ca2,2022-10-29,2022-10-29,1.0,1.0,1.0,1.0,1.0,0.0,0.0,0.0,
sendbird_group_channel_49356023_a27dec3602fa37e8012617ad6155ee084c00edd7,2022-09-14,2022-09-14,1.0,1.0,2.0,2.0,2.0,0.0,0.0,0.0,
sendbird_group_channel_49356317_45828ad45e768e0a80de73769e9ecce0c6c1cf9c,2022-09-29,2022-09-21,9.0,2.0,2.0,1.0,1.0,0.0,0.0,0.0,ê³ ìœ ì‚¬
sendbird_group_channel_49357004_c14628025a06a879cc5d254e18ec47c4b7c3e90d,2022-11-12,2022-11-12,1.0,1.0,1.0,1.0,1.0,0.0,0.0,0.0,
sendbird_group_channel_49357056_7d047db91acc10318001edf38e3800b6fcc446b0,2023-01-18,2023-01-06,13.0,2.0,26.0,13.0,13.0,1.0,10.0,10.0,ì•„ì‰ì¸„
sendbird_group_channel_49357413_cc462a5224d080cf0b39c289d357cc5e46470932,2022-09-16,2022-09-16,1.0,1.0,1.0,1.0,1.0,0.0,0.0,0.0,
sendbird_group_channel_49357753_96762a0231baadb913409bb4dc475d1e4865c084,2022-12-09,2022-12-09,1.0,1.0,1.0,1.0,1.0,0.0,0.0,0.0,
sendbird_group_channel_49361712_b9f0ecd715456379ab7bdcfede7b15801fffd9e5,2023-01-18,2022-12-25,25.0,4.0,6.0,1.5,1.0,0.0,0.0,0.0,
sendbird_group_channel_49363115_87bd4045aaa7005081c1f12410bd442ec1ff4f97,2022-11-14,2022-11-14,1.0,1.0,1.0,1.0,1.0,0.0,0.0,0.0,ì—°í•˜ë¦°
sendbird_group_channel_49367990_7ee1b9ef799e5ff0ffa18197e59031d7fca01d25,2023-01-20,2022-09-18,125.0,18.0,238.0,13.22,1.0,0.0,0.0,0.0,ê°•ë¯¸ë¯¸_
sendbird_group_channel_49368820_0b6a2b4cb95be48e47f711fddf4696bec17be8c0,2022-12-06,2022-11-07,30.0,5.0,31.0,6.2,8.0,0.0,0.0,0.0,í•œì„¸ê¸´
sendbird_group_channel_49368966_00054a70292408ba06d60be1f49bbf428dc37f8d,2022-10-20,2022-10-20,1.0,1.0,1.0,1.0,1.0,0.0,0.0,0.0,
sendbird_group_channel_49374230_7674b789b459169e2cfc44f3e3225d12e1b48fb7,2022-09-30,2022-09-30,1.0,1.0,1.0,1.0,1.0,0.0,0.0,0.0,
sendbird_group_channel_49380633_cddfdc032880388b674d611ab75e08e7dbb2c427,2023-01-11,2022-12-06,37.0,6.0,3.0,0.5,2.0,0.0,0.0,0.0,
sendbird_group_channel_49383617_94ee4f7f4dc9d2f73b9a3d58f7c24c1fe3af2e05,2023-01-16,2022-09-06,133.0,19.0,25.0,1.32,2.0,0.0,0.0,0.0,ê¹€ì”¨í• ë§¤
sendbird_group_channel_49408541_0366b6c9039293477356a8ab37fd7317d6a25228,2022-11-16,2022-09-04,74.0,11.0,96.0,8.73,10.0,0.0,0.0,0.0,ë§ˆë…€ë¡ë¦¬
sendbird_group_channel_49419267_2b3420de93af6d4d1ee02885b9571e6a3361dec9,2022-10-23,2022-10-23,1.0,1.0,2.0,2.0,2.0,0.0,0.0,0.0,
sendbird_group_channel_49426672_11c073678c42b041176a2f181f169d831aa87911,2022-10-21,2022-10-21,1.0,1.0,13.0,13.0,13.0,0.0,0.0,0.0,ë¿…ì•„ê°€
sendbird_group_channel_49466778_99e5ea45f5eb5944c471794aa6f5175aab6db3a1,2023-01-19,2022-12-23,28.0,4.0,32.0,8.0,29.0,0.0,0.0,0.0,ë°”ë‚˜ì»
sendbird_group_channel_49501086_555c724e56b789871620dad8b424f496512c976a,2022-11-14,2022-11-14,1.0,1.0,1.0,1.0,1.0,0.0,0.0,0.0,ë„¤ì˜¨ë‹¬
sendbird_group_channel_49504523_557ce08e59c3bb97a35394f5230746b841cc4caa,2022-11-16,2022-11-16,1.0,1.0,1.0,1.0,1.0,0.0,0.0,0.0,
sendbird_group_channel_49516685_8a1efc458554e7fbdcee85684a1384965bd0d31f,2023-01-20,2022-10-01,112.0,16.0,7088.0,443.0,206.0,7.0,140.0,20.0,í•˜ì˜
sendbird_group_channel_49526360_50122b0736c508e6719842b101b3d82877b94068,2022-09-29,2022-09-12,18.0,3.0,3.0,1.0,2.0,0.0,0.0,0.0,
sendbird_group_channel_49530392_2507c58a6880c9aa2fb42fac8079613744e3b702,2022-09-05,2022-09-05,1.0,1.0,1.0,1.0,1.0,0.0,0.0,0.0,
sendbird_group_channel_49536552_682638534788254b2306856712be577ea04f63b2,2022-09-18,2022-09-18,1.0,1.0,1.0,1.0,1.0,0.0,0.0,0.0,
sendbird_group_channel_49541665_17997759230ad99628ff8d9aa0955d5ef4c37af2,2022-12-06,2022-10-30,38.0,6.0,6.0,1.0,1.0,0.0,0.0,0.0,ë‚˜ë‚˜ì´ˆ_
sendbird_group_channel_49544224_56585fe28a1434055b786eca043b99a71e1614dd,2022-09-30,2022-09-30,1.0,1.0,1.0,1.0,1.0,0.0,0.0,0.0,ì—°í•˜ë‘ _
sendbird_group_channel_49549870_4449e81d483aeadf736263d5fc349b11604a0097,2023-01-20,2022-10-24,89.0,13.0,573.0,44.08,63.0,0.0,0.0,0.0,ì„¤ì‚¬íƒ•
sendbird_group_channel_49598122_3856b67ae7a254643e3d09d2038737290d1c2a29,2023-01-18,2022-11-08,72.0,11.0,24.0,2.18,1.0,0.0,0.0,0.0,ì—”ì¥¬
sendbird_group_channel_49612564_b6bfce6076d8be84b7a2caff9832a6491c9817be,2023-01-19,2022-09-04,138.0,20.0,746.0,37.3,18.0,1.0,50.0,50.0,ì²´ë¦¬ì•„ì”¨
sendbird_group_channel_49669010_9e55d83b5b0d92e33d2fe53531aa969cf1bdbea3,2022-12-06,2022-09-21,77.0,11.0,68.0,6.18,7.0,4.0,40.0,10.0,â€ ì‹œë‹ˆ3
sendbird_group_channel_49730758_e6eb211c2af5be28adf218ae801265edd743832d,2022-10-02,2022-09-04,29.0,5.0,1152.0,230.4,436.0,0.0,0.0,0.0,ë„ë¡±ì± 
sendbird_group_channel_49971647_76121d1d08fc9685402311951922087d7d4dd292,2022-10-17,2022-09-21,27.0,4.0,3.0,0.75,1.0,0.0,0.0,0.0,ìœ ë‚˜ëª½ì˜ë¸”ë£¨ë² ë¦¬
sendbird_group_channel_51240062_1fe5f780ff14792fde678f3fe6e58454955ed31c,2023-01-19,2023-01-19,1.0,1.0,2.0,2.0,2.0,0.0,0.0,0.0,ì„¸ë¼_
sendbird_group_channel_51672917_5e13f3722cbeec5c766726c332c063e310e5f9ce,2023-01-20,2022-09-04,139.0,20.0,17094.0,854.7,1668.0,326.0,7374.0,22.6,ğŸ’ì²´ë¦¬ì‰¬_ì˜¨í•´ë¹ˆ
sendbird_group_channel_51673049_e9127466665f7535749033f986c3e01c7a67cfc1,2023-01-19,2022-09-04,138.0,20.0,27925.0,1396.25,32.0,385.0,13212.0,34.3,ğŸ’ì²´ë¦¬ì‰¬_ë¬¸ë°±ì°¬
sendbird_group_channel_51721304_bd0cbeadeb0152331184af58503285ccae107cc5,2023-01-07,2022-09-10,120.0,18.0,19.0,1.06,2.0,0.0,0.0,0.0,ì •ë¯¼
sendbird_group_channel_51735277_2bb3c6d4689f81d5417645974cc8efdde84d0cbc,2023-01-20,2022-09-05,138.0,20.0,2543.0,127.15,59.0,0.0,0.0,0.0,í”Œë£¨íŠ¸ë ˆë¯¸
sendbird_group_channel_51787929_b21346adf3b5b379f70f8fc76102536367c7be86,2022-11-10,2022-09-04,68.0,10.0,6.0,0.6,1.0,0.0,0.0,0.0,ëƒ¥ê°±
sendbird_group_channel_51792327_a4e048a2af07bfd0ac622a91f3eced27b534ce7b,2022-12-09,2022-12-09,1.0,1.0,2.0,2.0,2.0,0.0,0.0,0.0,ë¯¼ì§€
sendbird_group_channel_51903899_eaff7dae4e666972e188641bfedd5efb39fd7d6c,2022-11-07,2022-10-20,19.0,3.0,100.0,33.33,4.0,0.0,0.0,0.0,í–„í† ëƒ¥
sendbird_group_channel_58387287_001face1ecabdc049ec6f408c6c9c9bae91a13dc,2022-10-16,2022-09-04,43.0,7.0,980.0,140.0,370.0,0.0,0.0,0.0,ìŠˆì˜ˆë‚˜
sendbird_group_channel_58829736_688a91c5d279a85baa328133dcaf4f0a90266c1f,2022-10-30,2022-09-04,57.0,9.0,4.0,0.44,1.0,0.0,0.0,0.0,CP1
sendbird_group_channel_59887431_df643fc82ae1ff9ca6335213bf42f649e625cf7c,2022-09-09,2022-09-09,1.0,1.0,1.0,1.0,1.0,0.0,0.0,0.0,
sendbird_group_channel_60470815_26a720bf7391bcb5a803b85de280809526e10f80,2022-09-08,2022-09-08,1.0,1.0,3.0,3.0,3.0,0.0,0.0,0.0,CP1
sendbird_group_channel_60660375_857302f2713616f127affc1ac15fe95d74bcaf00,2023-01-18,2022-09-09,132.0,19.0,23.0,1.21,3.0,0.0,0.0,0.0,ì¡°ì˜ì¡°ì˜  ë¹„ì„œ
sendbird_group_channel_61088940_851836a6177bab871923213bf009e6975e91d6bd,2022-09-28,2022-09-28,1.0,1.0,1.0,1.0,1.0,0.0,0.0,0.0,
sendbird_group_channel_61648892_938d039c2f98f0d40e4961472cb099b13029d03a,2023-01-04,2022-10-28,69.0,10.0,7.0,0.7,3.0,1.0,35.0,35.0,ì´ìœ ë€
sendbird_group_channel_62279638_8f063b8d4074b664783bfce5ff3c2aef399cfe8a,2023-01-20,2023-01-15,6.0,1.0,15.0,15.0,15.0,0.0,0.0,0.0,ì–‘íŒŒì§€ë‹ˆ
sendbird_group_channel_62695931_c1029311dff318201ac26f77660d47841dd6a1f3,2022-09-06,2022-09-06,1.0,1.0,2.0,2.0,2.0,0.0,0.0,0.0,ë¬¸ì‹í˜œ
sendbird_group_channel_63413266_f88d8f41ad118d9bc64d7dd5afb8da5f43b20480,2022-12-19,2022-12-07,13.0,2.0,3.0,1.5,2.0,0.0,0.0,0.0,
sendbird_group_channel_66110184_a56e837f4f472e559f740365c5a0a8ca0fe63ccd,2023-01-09,2022-11-13,58.0,9.0,408.0,45.33,9.0,0.0,0.0,0.0,í•œê°€ëŒ
sendbird_group_channel_66218462_9aec452d2759b7fcc6eed609cd035ada69a71a40,2022-09-17,2022-09-17,1.0,1.0,1.0,1.0,1.0,0.0,0.0,0.0,
sendbird_group_channel_66268842_b0e38258ae02c78be067e9abb11ea924d1887994,2023-01-03,2022-09-20,106.0,16.0,37.0,2.31,21.0,34.0,340.0,10.0,mcel01test
sendbird_group_channel_66269958_a541997e47b030dfbe5ff658f2a4447144d782e3,2022-10-23,2022-10-23,1.0,1.0,5.0,5.0,5.0,34.0,340.0,10.0,ì— ì…€ê³µì´
sendbird_group_channel_66344185_a376994fd93e00212b1a50e28b9228297ac90862,2022-11-29,2022-11-13,17.0,3.0,10.0,3.33,8.0,0.0,0.0,0.0,ëŒ€ë§ˆì™•
sendbird_group_channel_67118393_c079813e284304c9c66bfdc7020f0bf0f5b7dbaa,2022-11-28,2022-11-28,1.0,1.0,1.0,1.0,1.0,0.0,0.0,0.0,
sendbird_group_channel_67153858_1f311d35e429a768f8ffaeffc852c37897dc53f0,2022-12-12,2022-09-20,84.0,12.0,124.0,10.33,2.0,4.0,90.0,22.5,z_ë„ˆêµ¬ë¦¬êµ¬ë¦¬ì…€
sendbird_group_channel_67159120_8f5a568d0c9396956837bab79d9152784d99cdc5,2022-10-10,2022-10-10,1.0,1.0,1.0,1.0,1.0,0.0,0.0,0.0,
sendbird_group_channel_67411647_20cb3c95f542eeb8c4f45a6d329ddfb9b9d5dbcb,2022-10-10,2022-09-09,32.0,5.0,14.0,2.8,1.0,0.0,0.0,0.0,ì´ë¯¸ë‚˜ë¦¬
sendbird_group_channel_67898779_3e90b1b7ddb0eaf065ad0d4c8064b2f2894b3d3d,2022-12-16,2022-09-04,104.0,15.0,6382.0,425.47,10.0,0.0,0.0,0.0,í‚¤ë¡±
sendbird_group_channel_68187043_6854b7fbdc25dd76ac65c90d4a37e225f8342f52,2023-01-20,2022-09-24,119.0,17.0,3075.0,180.88,161.0,0.0,0.0,0.0,_í•´ì‚¬
sendbird_group_channel_69215150_f6aea919b0c581061c6ccfc1c32819359600a62d,2023-01-02,2022-09-05,120.0,18.0,19.0,1.06,2.0,0.0,0.0,0.0,ë„¤ì˜¨ë‹¬
sendbird_group_channel_69415742_a2606cb3a4d13d3399de8e6735164d5e4c186181,2022-09-30,2022-09-28,3.0,1.0,4.0,4.0,4.0,0.0,0.0,0.0,ì¡°ì˜ì¡°ì˜  ë¹„ì„œ
sendbird_group_channel_70573183_83eeb17a21505dbae0fdd1ac8bf0eee5c5881a78,2023-01-06,2022-12-27,11.0,2.0,5.0,2.5,1.0,0.0,0.0,0.0,ì„œìš¸ìŠ¤íŠ¸ë¦¬ë°ìŠ¤í…Œì´ì…˜
sendbird_group_channel_70820725_432e6ed1167b456a98716ab8821e5c395f4dff21,2023-01-16,2022-09-04,135.0,20.0,105.0,5.25,1.0,0.0,0.0,0.0,_ì°Œë¯¸
sendbird_group_channel_70989969_9c916875b8143b2adc24d8043693a6d4b3ca1054,2023-01-02,2022-12-01,33.0,5.0,156.0,31.2,8.0,6.0,1195.0,199.2,ì†Œë´„
sendbird_group_channel_71463663_4a0edb1a328e6665586f0fdc6e662af0be4aa0a1,2022-09-05,2022-09-05,1.0,1.0,1.0,1.0,1.0,0.0,0.0,0.0,
sendbird_group_channel_72079915_21f37a068d7bbbbc0f068bc8a0a4ce6002fe1f5a,2022-11-13,2022-11-13,1.0,1.0,1.0,1.0,1.0,0.0,0.0,0.0,
sendbird_group_channel_72995765_cc553ad89a36bfa85b334e1d06e824434f9a6057,2022-11-29,2022-11-29,1.0,1.0,1.0,1.0,1.0,0.0,0.0,0.0,
sendbird_group_channel_72996708_f5588fb0413440fc0e5bfda1a773e2948b103730,2023-01-17,2022-09-04,136.0,20.0,612.0,30.6,68.0,0.0,0.0,0.0,ì´ë„í™ˆ
sendbird_group_channel_72999666_31f4e3832c4265fc29fef77b720609c1aac9ce09,2022-11-21,2022-09-14,69.0,10.0,3.0,0.3,1.0,0.0,0.0,0.0,
sendbird_group_channel_73052231_d2c70868a4c8d9beed30e86c81097786531de0f4,2023-01-16,2023-01-16,1.0,1.0,1.0,1.0,1.0,0.0,0.0,0.0,í† ìˆœ
sendbird_group_channel_73105000_f85b79eefc400b096c2f96630068f6975369d356,2023-01-20,2022-09-04,139.0,20.0,7053.0,352.65,192.0,0.0,0.0,0.0,ë´„ì‚¼ì›”
sendbird_group_channel_73134270_323e49cbca0fd055ffde04503ae3fdc1914f43c0,2023-01-20,2022-09-07,136.0,20.0,3.0,0.15,1.0,0.0,0.0,0.0,ì „ìíŒŒìš”ì •
sendbird_group_channel_73474983_76e08ffcc3a715daf7f551a2aeea211be3b853cf,2022-11-06,2022-09-10,58.0,9.0,4.0,0.44,2.0,0.0,0.0,0.0,ë¼ë‚˜â¤
sendbird_group_channel_73486261_fd96929502612636c0b9d45d0992b997497d5567,2022-09-21,2022-09-21,1.0,1.0,46.0,46.0,46.0,0.0,0.0,0.0,
sendbird_group_channel_73949322_f74c4002bc957740ea896c98a991f95f1515114a,2023-01-20,2022-09-04,139.0,20.0,5951.0,297.55,233.0,2.0,600.0,300.0,âœ¨ì†Œëˆ„í‚¤ Sonookiii
sendbird_group_channel_73955870_3441bd562e55a920acb7589f726581a001f9a743,2023-01-20,2022-09-04,139.0,20.0,12239.0,611.95,448.0,1.0,10.0,10.0,ëŸ¬ë¸”ë¦¬ì¥¬ì¥¬
sendbird_group_channel_75064829_d8867f901e00a89d36b3668f9a2cb44f95dae096,2023-01-09,2022-09-05,127.0,19.0,319.0,16.79,37.0,0.0,0.0,0.0,ì•¼ë¡œí€¸
sendbird_group_channel_75092089_63f52f4b6b09f719aaa8e25ad0b5be1215ae9753,2023-01-20,2022-09-04,139.0,20.0,3163.0,158.15,117.0,12.0,205.0,17.1,ì™•êµ°
sendbird_group_channel_75265763_b977f1ed040efb00dcca8e5931c5f64388e8ad42,2023-01-20,2022-09-04,139.0,20.0,5688.0,284.4,303.0,2.0,20.0,10.0,ë¯¸ë‹¨ì´
sendbird_group_channel_75307453_bcfc5888c09e6eeb4274875cc427cf66f2b08ed7,2023-01-20,2022-09-06,137.0,20.0,131.0,6.55,2.0,0.0,0.0,0.0,ì˜¤í˜„ë¯¼
sendbird_group_channel_75326813_0c4aaffb23e70d2d610ec5da5605e31226d5a751,2023-01-01,2022-09-04,120.0,18.0,127.0,7.06,2.0,0.0,0.0,0.0,ìœ ê°€ì˜
sendbird_group_channel_75798433_5561e5a7c21df22f33eeaf4be1b5b191a7622888,2023-01-19,2022-10-22,90.0,13.0,172.0,13.23,1.0,1.0,10.0,10.0,í°ì •ì•„
sendbird_group_channel_75944811_5d4675cc28e34e0b8cdcd952ecdc15558655c814,2023-01-03,2022-10-09,87.0,13.0,338.0,26.0,1.0,0.0,0.0,0.0,ìœ ì¼ë‹˜_
sendbird_group_channel_76141856_1d8bfc20fc50f56359348895c454b04ed848c6a5,2022-11-20,2022-11-20,1.0,1.0,1.0,1.0,1.0,0.0,0.0,0.0,
sendbird_group_channel_76960569_2dadb8267a23161b8b57dc167b99803d7236e86b,2022-10-19,2022-10-19,1.0,1.0,1.0,1.0,1.0,0.0,0.0,0.0,
sendbird_group_channel_76965650_d3ad534b8e37e1a4d09de0db0d7acaf04b7b31f7,2023-01-20,2022-09-04,139.0,20.0,2067.0,103.35,96.0,0.0,0.0,0.0,ì£ ì•¼ë¼
sendbird_group_channel_77275915_998519e76198c4b12aeddea1e8ec73fd7da377da,2022-10-15,2022-10-15,1.0,1.0,1.0,1.0,1.0,0.0,0.0,0.0,
sendbird_group_channel_77332933_3b4f22b6da848f11b169bff078e34726d9030c46,2023-01-18,2023-01-03,16.0,3.0,2.0,0.67,1.0,0.0,0.0,0.0,
sendbird_group_channel_77360553_c59da396b3e3b115b04828962b5a605074a0529b,2023-01-20,2022-09-04,139.0,20.0,907.0,45.35,137.0,0.0,0.0,0.0,ë‚œí˜„
sendbird_group_channel_77451646_b88ef2ee247b4bd7cad654d160de6e54e9c18862,2022-10-15,2022-10-15,1.0,1.0,1.0,1.0,1.0,0.0,0.0,0.0,ì¥ë¯¸ğŸŒ·
sendbird_group_channel_77457966_92a1507b6daa69c8dc01a8e83f91a99e18e21c54,2023-01-08,2022-09-06,125.0,18.0,15.0,0.83,1.0,0.0,0.0,0.0,ì®¸ëŸ¬ìŠ¤â¤ï¸
sendbird_group_channel_77504696_811c72261d220a4ef7e6526cf4612b59fd8643dd,2023-01-16,2023-01-16,1.0,1.0,1.0,1.0,1.0,0.0,0.0,0.0,â­ï¸ì„œí•˜â­ï¸
sendbird_group_channel_77617518_866566bf4d91e401ede7a2b78b88d086389839b1,2023-01-20,2022-09-04,139.0,20.0,1895.0,94.75,39.0,17.0,1460.0,85.9,ë”°ì°Œ
sendbird_group_channel_77745441_3c94a08935583f2a280294795e1d561b67c7778a,2022-12-01,2022-10-30,33.0,5.0,89.0,17.8,2.0,0.0,0.0,0.0,ì—ê·¸ë¡¤
sendbird_group_channel_77749652_9ffb77d8a6df1479ec694c99b651646da8db9cd8,2022-10-19,2022-09-14,36.0,6.0,5.0,0.83,1.0,0.0,0.0,0.0,ë©”ë©”
sendbird_group_channel_77799881_ca15c03aa5583120fd4cc60bd27a16399a6ad28d,2022-12-28,2022-12-28,1.0,1.0,1.0,1.0,1.0,0.0,0.0,0.0,
sendbird_group_channel_78309291_d16099a89d0ae4095cd67fcaaa29b37a9b75723e,2022-12-07,2022-09-04,95.0,14.0,2024.0,144.57,2.0,0.0,0.0,0.0,ìœ ë‚˜ëª½ì˜ë¸”ë£¨ë² ë¦¬
sendbird_group_channel_78325613_67e40199571bec8401854231cdf6a62e40cb985c,2022-09-19,2022-09-19,1.0,1.0,1.0,1.0,1.0,0.0,0.0,0.0,
sendbird_group_channel_78328510_3153e84ad8f8080be70a85e1895b2e0b54b92e3a,2022-12-05,2022-09-04,93.0,14.0,257.0,18.36,1.0,1.0,100.0,100.0,íì„¸
sendbird_group_channel_78338898_e2a68b0eeff0b8881e19c59a6d8ea5191e9bf08c,2022-12-31,2022-09-04,119.0,17.0,1987.0,116.88,9.0,1.0,10.0,10.0,ì¡°ì˜ì¡°ì˜  ë¹„ì„œ
sendbird_group_channel_78349338_c3f5e0989c076db46ea59d80a8aacf50e4345a42,2023-01-20,2022-09-04,139.0,20.0,1700.0,85.0,87.0,0.0,0.0,0.0,ìš”ë””ë”›
sendbird_group_channel_78356351_b06e27122b94186ab46d1f16854d266d86929c58,2022-12-16,2022-09-04,104.0,15.0,835.0,55.67,60.0,0.0,0.0,0.0,ì–‘í•¼
sendbird_group_channel_78366590_ce2924b76ab0d48c4a9810c2a120d2df8ef88aaf,2022-11-08,2022-11-08,1.0,1.0,1.0,1.0,1.0,0.0,0.0,0.0,
sendbird_group_channel_78392100_959dc9d03f665d592efa6ba33e25f74f6111342e,2022-09-19,2022-09-15,5.0,1.0,11.0,11.0,11.0,0.0,0.0,0.0,ì ì˜·ëƒ¥
sendbird_group_channel_78432794_b4a039073b0206456a202baa2da17c2fe6126467,2022-09-11,2022-09-04,8.0,2.0,151.0,75.5,150.0,0.0,0.0,0.0,
sendbird_group_channel_78538034_f0bd9af8a926d6fbcc0e42ea7bb46eb70859e7b7,2023-01-20,2022-09-04,139.0,20.0,461.0,23.05,11.0,20.0,2018.0,100.9,ë¹°ë¯€
sendbird_group_channel_78544031_54591695c86d7e141a9260ab866fdc2ff5b77a28,2022-11-05,2022-10-08,29.0,5.0,3.0,0.6,2.0,0.0,0.0,0.0,
sendbird_group_channel_78784177_64c038d6b10d006bc42a9c3043f657f8881bf0a2,2023-01-17,2022-10-02,108.0,16.0,44.0,2.75,5.0,0.0,0.0,0.0,ë°ì¦ˆ
sendbird_group_channel_78913773_4f551dd52a8739ceb34c7cb00f120a16d5a7b5f7,2022-11-24,2022-09-08,78.0,12.0,45.0,3.75,3.0,0.0,0.0,0.0,ë¹„ê²½
sendbird_group_channel_79022644_6df748a81cc855dc5ddec333b54e3f134527e974,2022-10-30,2022-10-30,1.0,1.0,1.0,1.0,1.0,0.0,0.0,0.0,ê¸°ë§ˆí¥
sendbird_group_channel_79027836_5a08868668aa809c5ce1911a74268d2ea395c4f2,2023-01-20,2022-09-04,139.0,20.0,1685.0,84.25,5.0,0.0,0.0,0.0,ê·¤ë‹¬ì•„
sendbird_group_channel_79054706_65d838fe1f1801dbcab0e127181af63a3da17b42,2023-01-15,2022-10-13,95.0,14.0,24.0,1.71,2.0,0.0,0.0,0.0,ìœ ì¼ì´
sendbird_group_channel_79328169_4901c07231f34c293d56891d1944aac5d0aa9f32,2022-10-29,2022-09-23,37.0,6.0,3.0,0.5,2.0,0.0,0.0,0.0,í•˜ìœ _ë³„
sendbird_group_channel_79596256_1c6ec4c6c1d8e591079c28be1bf3f44649e10aae,2022-11-09,2022-11-09,1.0,1.0,1.0,1.0,1.0,0.0,0.0,0.0,ë£¨ì•„ë‚˜
sendbird_group_channel_79703903_0c72b682880643b5cdb80d481e06570f6868d509,2023-01-12,2022-09-28,107.0,16.0,8.0,0.5,1.0,0.0,0.0,0.0,
sendbird_group_channel_79941484_ede559ed875fb7b8374eb19662cdc59a1bfb3911,2022-12-02,2022-09-07,87.0,13.0,1189.0,91.46,39.0,12.0,4820.0,401.7,ë¦¬ë¯¿
sendbird_group_channel_80022771_7eb987726cff2811daa32c05368db8b7acc550c1,2023-01-20,2022-09-16,127.0,19.0,10288.0,541.47,298.0,6.0,870.0,145.0,ì—´ë°
sendbird_group_channel_80059386_0ccf924e015f6706f0d33263e7b6576d6fb9a700,2022-09-09,2022-09-06,4.0,1.0,4.0,4.0,4.0,0.0,0.0,0.0,ì¹˜ë¹„
sendbird_group_channel_80721305_ed669a466e9aea97ede4a9e41594eb1fcff88e07,2022-09-23,2022-09-08,16.0,3.0,2.0,0.67,1.0,0.0,0.0,0.0,ë°•ì„ ì§€
sendbird_group_channel_80793691_579bc292e37ff2b3a788c44117ed4f8a2dd743d9,2022-09-21,2022-09-21,1.0,1.0,1.0,1.0,1.0,0.0,0.0,0.0,ìœ ë‹¤í¬
sendbird_group_channel_81448328_600eced63d27194b9a03d892d6780621881ad6df,2023-01-20,2022-09-04,139.0,20.0,1013.0,50.65,47.0,0.0,0.0,0.0,ì¡°ì˜ì¡°ì˜  ë¹„ì„œ
sendbird_group_channel_81517980_bdfb0081876dd44d565af1e98e524c0dc8242104,2022-12-20,2022-09-04,108.0,16.0,49.0,3.06,5.0,0.0,0.0,0.0,ì°¸ë‹¤ë˜
sendbird_group_channel_81602152_ef299b76e9047ec2ba0b03f848c4c175018f4c0f,2022-10-29,2022-09-21,39.0,6.0,2.0,0.33,1.0,0.0,0.0,0.0,
sendbird_group_channel_82181207_d82c30dc2e9d0f38746340f1376e88443bf564a1,2023-01-19,2022-09-04,138.0,20.0,170.0,8.5,4.0,0.0,0.0,0.0,ì˜ë§
sendbird_group_channel_82333993_7fe5b9c11092fdc107a23a6dcb482634eb75b3da,2023-01-20,2022-09-04,139.0,20.0,19879.0,993.95,1029.0,349.0,7660.0,21.9,ğŸ’ì²´ë¦¬ì‰¬_ìœ¤í˜¸ë¦¼
sendbird_group_channel_82336139_dc97c0b3b177072e91bf628625d5fa7539db532a,2023-01-20,2022-09-04,139.0,20.0,24422.0,1221.1,1919.0,631.0,15746.0,25.0,ğŸ’ì²´ë¦¬ì‰¬_ì„¤ ìœ¤
sendbird_group_channel_82337532_c81ea37759a4761f4f6989e5f0f170f2e7a723fd,2023-01-20,2022-09-04,139.0,20.0,21357.0,1067.85,1430.0,451.0,9007.0,20.0,ğŸ’ì²´ë¦¬ì‰¬_ë°˜ì´ì•ˆ
sendbird_group_channel_82577803_3c8fe4672b16e907ef0b45d3d772fecab124ded2,2022-09-25,2022-09-25,1.0,1.0,8.0,8.0,8.0,0.0,0.0,0.0,ë¦¬ì‹œì•ˆ
sendbird_group_channel_83929198_0f638e3405303503c4a183f55014ae3ddf521a08,2022-10-22,2022-10-22,1.0,1.0,1.0,1.0,1.0,0.0,0.0,0.0,ì•„ë‹ˆìš”
sendbird_group_channel_84927629_645e28686b669b1d85ef12dda4142bc0783338e8,2022-10-09,2022-09-09,31.0,5.0,2.0,0.4,1.0,0.0,0.0,0.0,ì´ì§„ë¡œ
sendbird_group_channel_84938576_5c114bd850859c4d6b86bb0a70cc8afba82d42a9,2022-09-18,2022-09-18,1.0,1.0,1.0,1.0,1.0,0.0,0.0,0.0,ê¹€ê°€ë£¨
sendbird_group_channel_84940959_b650437dd12a2001816458f124da56a572936e5d,2023-01-13,2022-09-08,128.0,19.0,322.0,16.95,23.0,0.0,0.0,0.0,í† ìš°ì½”
sendbird_group_channel_84944497_c07704d523a37deeca1d4d32a86764f16adce56e,2022-10-16,2022-09-14,33.0,5.0,4.0,0.8,3.0,0.0,0.0,0.0,ë™ì§±ì´ì•¼
sendbird_group_channel_84953249_fd55b5720495ea15a60c2e94267e19109bfb7cc0,2022-09-04,2022-09-04,1.0,1.0,1.0,1.0,1.0,0.0,0.0,0.0,ì†Œì†Œì™€í”Œ
sendbird_group_channel_84954475_bf4ed9a0cdee0805273078ad2720000353bbd5c3,2023-01-19,2022-09-04,138.0,20.0,185.0,9.25,6.0,0.0,0.0,0.0,ì‹œí˜œ
sendbird_group_channel_84959094_78dd6ed4c602627fe753ce7107ccb24d60c9d6e9,2023-01-19,2022-09-04,138.0,20.0,1885.0,94.25,13.0,0.0,0.0,0.0,í›„__
sendbird_group_channel_84963137_7cd65f1058b727288536e0108fb2f15f354593fb,2022-11-22,2022-10-15,39.0,6.0,3.0,0.5,2.0,0.0,0.0,0.0,ì„¤ë¯¼ëƒ¥
sendbird_group_channel_84976818_3b63d1998a53798d91d5269a523c71bffc442a11,2022-12-17,2022-11-07,41.0,6.0,9.0,1.5,2.0,0.0,0.0,0.0,ì¿„ëƒ¥
sendbird_group_channel_84988539_2d181b4c81bba67ca360b4b2b9a5fa0199746000,2022-12-25,2022-09-13,104.0,15.0,9.0,0.6,2.0,1.0,30.0,30.0,ê¹€ì„ ë…€
sendbird_group_channel_85027934_96d14caeb215fa030b76ab8a449dafae0e252bfe,2023-01-16,2022-09-04,135.0,20.0,1572.0,78.6,2.0,1.0,100.0,100.0,ë§ˆë…€í˜í¼
sendbird_group_channel_85074970_2ef0c2024e29e5771d9ab9768d33132d3d431e70,2022-11-04,2022-09-17,49.0,7.0,11.0,1.57,3.0,0.0,0.0,0.0,ë‚œë°”ë‹¤
sendbird_group_channel_85079791_bb2fb2b6deb9ab59c38fc4929fdf549a50808f20,2022-10-19,2022-09-05,45.0,7.0,38.0,5.43,6.0,2.0,40.0,20.0,ë‚˜ë¸Œ
sendbird_group_channel_85083301_aab24af728dd8ad6b02257cfd4faf564a1f6e67b,2022-11-10,2022-11-10,1.0,1.0,1.0,1.0,1.0,0.0,0.0,0.0,
sendbird_group_channel_85090241_b10f276edb979d3529b1607db310bb951979b776,2022-09-26,2022-09-26,1.0,1.0,4.0,4.0,4.0,0.0,0.0,0.0,í˜ê°•ì´__
sendbird_group_channel_85118483_254bd077e1964fbe8d6692eca938d92f8bf0bc85,2023-01-20,2022-09-04,139.0,20.0,108.0,5.4,6.0,0.0,0.0,0.0,mintë¯¼íŠ¸
sendbird_group_channel_85248358_9c7edc02d7551426905929176956bf7e19a74ac5,2023-01-19,2022-10-18,94.0,14.0,16.0,1.14,8.0,0.0,0.0,0.0,ë¡œë‚˜ë”©
sendbird_group_channel_85249736_52d2fa2d3517ffc822f7964bdf82c80e801033cd,2022-09-20,2022-09-20,1.0,1.0,2.0,2.0,2.0,0.0,0.0,0.0,ì†Œë‚˜ë¬´
sendbird_group_channel_85401630_284993d88b09abaccc0b0ffb3f1300ce8630075b,2022-09-20,2022-09-20,1.0,1.0,3.0,3.0,3.0,0.0,0.0,0.0,ì²­ì†”
sendbird_group_channel_85482738_5cd0f8ca6214313dd906e35a71b153496bfbd4b2,2022-12-20,2022-10-15,67.0,10.0,6.0,0.6,3.0,0.0,0.0,0.0,ì¿ í‚¤êµ½ëŠ”ëª…ë‚˜ë‡½
sendbird_group_channel_85607170_5da242f8add3331e01e1e30470aa39139549d4b1,2022-11-10,2022-09-14,58.0,9.0,10.0,1.11,1.0,0.0,0.0,0.0,íˆ¬ëƒ¥ì¸ 
sendbird_group_channel_85629274_36047c6656cc9a2f2aa46e6db6de9eacc5c6add1,2023-01-20,2022-09-04,139.0,20.0,27424.0,1371.2,816.0,0.0,0.0,0.0,ìœ ë©”ì•„
sendbird_group_channel_85738208_6ea01dca789240b3b2b3db0320782e56d24b8a88,2022-11-12,2022-09-04,70.0,10.0,96.0,9.6,1.0,0.0,0.0,0.0,ê°€ì•„
sendbird_group_channel_85761874_0d463d600d6054867b674dcc82d8a52003baed10,2022-09-20,2022-09-20,1.0,1.0,1.0,1.0,1.0,0.0,0.0,0.0,Cuha_íí•˜
sendbird_group_channel_85819517_8fc6f0fccf7e1398c642525d6abcb9f11fd5e68f,2022-12-19,2022-09-04,107.0,16.0,157.0,9.81,1.0,0.0,0.0,0.0,ê¹€íŒ¬ì‹œ
sendbird_group_channel_85830118_db9255548139c06f22d67a85a87c35640814043d,2022-12-09,2022-09-05,96.0,14.0,47.0,3.36,5.0,0.0,0.0,0.0,ê³ ë„ëŒ
sendbird_group_channel_85912666_e8316971f27d1507a1e5114a823bc6ee5b67fdc4,2022-10-15,2022-10-08,8.0,2.0,2.0,1.0,1.0,0.0,0.0,0.0,ê±°ì‹ _
sendbird_group_channel_85916951_5460e74a8050a8b548693ef84fcff649ef781a46,2022-11-11,2022-09-19,54.0,8.0,17.0,2.12,5.0,0.0,0.0,0.0,ì†Œì‹œì§€
sendbird_group_channel_85921469_ab7ee9a474968e84dcefd456e5c1d455a7e9c802,2022-09-12,2022-09-12,1.0,1.0,1.0,1.0,1.0,0.0,0.0,0.0,ì¼ë¥˜ì‹ 
sendbird_group_channel_85941601_d96336aef5cd9a23826b677ee8e1737a2f66fb08,2022-09-21,2022-09-21,1.0,1.0,14.0,14.0,14.0,0.0,0.0,0.0,ë¯¼íŠ¸ê²½
sendbird_group_channel_85965054_38e2a59b76f760143c0aecd3354a03addc5af02d,2022-09-24,2022-09-24,1.0,1.0,1.0,1.0,1.0,0.0,0.0,0.0,ìŠ¬ê¸°êµ°
sendbird_group_channel_85985534_b351ff45c5f8f7befb232c9b05cc11842f1801d1,2022-09-23,2022-09-08,16.0,3.0,17.0,5.67,10.0,0.0,0.0,0.0,ì†œë²„
sendbird_group_channel_85998731_38f9622298b3eb21b41ace4394259cb8dbf7e1ec,2022-12-12,2022-09-08,96.0,14.0,30.0,2.14,2.0,0.0,0.0,0.0,ë¿Œë…¸ë…¸
sendbird_group_channel_86016350_144ee0369413a5401b2f94e4a1867eed0e100779,2023-01-20,2022-09-04,139.0,20.0,4956.0,247.8,100.0,0.0,0.0,0.0,ìœ°ë¡œë¡œ
sendbird_group_channel_86036797_b97793d6ce5926988e8c08d1c484e6692392ee75,2023-01-13,2022-09-04,132.0,19.0,795.0,41.84,52.0,13.0,2440.0,187.7,ê¹€ì´ˆì›”
sendbird_group_channel_86063835_d061496d8f78ea56f646694c3addba2afcab8eeb,2022-10-10,2022-10-10,1.0,1.0,1.0,1.0,1.0,0.0,0.0,0.0,ì§„ì€ì›”
sendbird_group_channel_86064761_7eb70321fef44169bbb373696c14d662c6e3ab12,2023-01-11,2022-09-04,130.0,19.0,19.0,1.0,2.0,0.0,0.0,0.0,ìƒ¤ë²„ë¸”
sendbird_group_channel_86074348_4547ecb0bf6fe6ab33ae100f900aa40815541b59,2022-10-13,2022-10-13,1.0,1.0,1.0,1.0,1.0,0.0,0.0,0.0,í‚¤ëª¨ì•¼
sendbird_group_channel_86084123_99064c702d3c8d53bea1735ddaf446314e623fd4,2022-10-29,2022-10-29,1.0,1.0,1.0,1.0,1.0,4.0,210.0,52.5,ì´ˆí•˜
sendbird_group_channel_86109124_583293776dbd767602d774fc16274f9452ed07fc,2022-10-23,2022-09-20,34.0,5.0,3.0,0.6,1.0,0.0,0.0,0.0,í† ëŒ
sendbird_group_channel_86109270_d58b96f2e5b7e272507d9aa047fd14718b1ce8c0,2022-09-18,2022-09-18,1.0,1.0,1.0,1.0,1.0,0.0,0.0,0.0,ë‚˜ì†Œì‹¬
sendbird_group_channel_86178428_2508c96e0a76e8d12ce7ebfd25b48b6a1a1a327f,2022-09-15,2022-09-04,12.0,2.0,4.0,2.0,2.0,0.0,0.0,0.0,ìµ¸ì´ë‹¤
sendbird_group_channel_86227258_4b6e16a5fabb6791efe8bd22811772a080713317,2023-01-20,2022-09-05,138.0,20.0,30.0,1.5,1.0,0.0,0.0,0.0,_ì„¸í˜„
sendbird_group_channel_86238039_aac3a66af7232e54e3109300819f9a5b90242eea,2022-09-04,2022-09-04,1.0,1.0,1.0,1.0,1.0,0.0,0.0,0.0,ê°•ê»„ë£©
sendbird_group_channel_86260612_92a2392c2e9db6f7db15593f0dd1a7b88fe8988d,2022-12-01,2022-11-21,11.0,2.0,8.0,4.0,7.0,0.0,0.0,0.0,ê³µë¶€í•˜ëŠ”ì­ˆ
sendbird_group_channel_86292668_a41c810da4f83149b3ae82e21d11c008775149d5,2023-01-04,2022-09-07,120.0,18.0,15.0,0.83,2.0,0.0,0.0,0.0,ë‹´ì•„ì„œ
sendbird_group_channel_86422599_65499e236fa001beb2cf5385f67a07aed94de835,2022-09-25,2022-09-19,7.0,1.0,5.0,5.0,5.0,0.0,0.0,0.0,ë¡±ë°©
sendbird_group_channel_86428805_8a71b7fd92b0500b4baad84f60e98502cb7f18dd,2023-01-20,2022-09-04,139.0,20.0,13399.0,669.95,499.0,12.0,1833.0,152.8,ì´ì¿ ì˜¤_
sendbird_group_channel_86478844_d26a21fb0f467b1a60bb7feea7f0853aa00fd63d,2022-12-31,2022-10-09,84.0,12.0,549.0,45.75,3.0,0.0,0.0,0.0,ì£¼ë¹„ë¹”
sendbird_group_channel_86598701_6516bde7ee9d9c43323237343c6c408836058399,2023-01-20,2022-09-04,139.0,20.0,314.0,15.7,5.0,0.0,0.0,0.0,ë„¤ë„´ì´
sendbird_group_channel_86643481_da40ef0147e732c3b2cfed291241e1f2862f8943,2022-09-12,2022-09-12,1.0,1.0,1.0,1.0,1.0,0.0,0.0,0.0,
sendbird_group_channel_86749583_7f166cb2129fc107492b7b8a90a0f4e5a77142de,2022-09-13,2022-09-13,1.0,1.0,1.0,1.0,1.0,0.0,0.0,0.0,ì œë‚˜ì˜diary
sendbird_group_channel_86779298_b76c537deb370b6563211f14d115acc82ebfc3eb,2022-12-12,2022-09-16,88.0,13.0,40.0,3.08,3.0,0.0,0.0,0.0,ì„¸ìš”ë¹”
sendbird_group_channel_86796679_a8b764cce0803c74fe1075ee42fc3cfd367a1eee,2022-11-06,2022-09-20,48.0,7.0,27.0,3.86,8.0,0.0,0.0,0.0,ì¹˜ì¹˜
sendbird_group_channel_86807798_abb98ed20b7189d4e3ae63251acb3e6f139d9ea9,2023-01-09,2022-09-04,128.0,19.0,601.0,31.63,11.0,0.0,0.0,0.0,ê¹€ìŠˆë£¹
sendbird_group_channel_86815724_4757053827e0e7e51b210a78c6bc7e9d15b14efe,2023-01-08,2022-09-24,107.0,16.0,6.0,0.38,1.0,0.0,0.0,0.0,ê³ ë‚˜ã‚´ãƒŠ
sendbird_group_channel_86844007_7ac7c7325ab4c30e855477735335c6360c6591aa,2022-11-27,2022-09-04,85.0,13.0,281.0,21.62,24.0,0.0,0.0,0.0,ëƒ¥ë¬´ë„ˆ
sendbird_group_channel_86911097_f87728776be9bb5396fade0d90ad0faf0aa2a3a0,2022-11-29,2022-11-29,1.0,1.0,1.0,1.0,1.0,0.0,0.0,0.0,
sendbird_group_channel_86913199_b338f8fb976204dfc3b59d08e838103bd6fa18f2,2023-01-19,2022-09-13,129.0,19.0,3.0,0.16,1.0,0.0,0.0,0.0,ë¼ë¹„ì•„RABIA
sendbird_group_channel_86919692_69d5b2bd99f452badb6f049ac4372aa72971d4c1,2022-12-14,2022-09-07,99.0,15.0,3.0,0.2,1.0,0.0,0.0,0.0,ìœ í›„
sendbird_group_channel_86924698_4fc2851dbe1b1f6dc857e0a424d91d3fb6048503,2022-10-24,2022-09-04,51.0,8.0,81.0,10.12,68.0,0.0,0.0,0.0,ì„œë¦¬
sendbird_group_channel_86931152_9623e9cefc1b6e1517b5114e17d4a1be0b2e7a3f,2023-01-03,2022-09-04,122.0,18.0,578.0,32.11,2.0,0.0,0.0,0.0,ë°±í¬
sendbird_group_channel_86935122_2df99e37f32e2642f5b0f82dab098a472f5506c5,2022-10-16,2022-09-21,26.0,4.0,4.0,1.0,1.0,0.0,0.0,0.0,ì¡°ë­ëƒ¥
sendbird_group_channel_86966369_14fba4e13bd8f932294e284932df7872d23f5a79,2022-12-27,2022-09-12,107.0,16.0,273.0,17.06,22.0,0.0,0.0,0.0,ê³µì•„í˜„
sendbird_group_channel_86969838_c3af578ef4a33d92bc05a92ff0d6ef74f2a3c5f9,2022-11-01,2022-09-05,58.0,9.0,53.0,5.89,2.0,0.0,0.0,0.0,ì•…ì§ˆíŠ¸ìˆœì´
sendbird_group_channel_86980900_181e01e491487c9dddf550b6846e5f0e1e9e6729,2022-12-04,2022-11-23,12.0,2.0,2.0,1.0,1.0,0.0,0.0,0.0,ì©¡ì´ë‹˜_
sendbird_group_channel_87036809_bd2bbcdc40adba81065b2a2e085254d2067f93a0,2022-12-19,2022-09-04,107.0,16.0,76.0,4.75,4.0,0.0,0.0,0.0,í˜œì•„
sendbird_group_channel_87047394_34947bdfe1c84d424c44cc411afff5e60755994e,2022-12-16,2022-12-13,4.0,1.0,22.0,22.0,22.0,0.0,0.0,0.0,ë‚˜ë¥œãªã‚Šã‚…ã‚“
sendbird_group_channel_87054810_be0b63b83f300054544f74a975d517dde2aed3e6,2022-11-23,2022-09-27,58.0,9.0,10.0,1.11,2.0,0.0,0.0,0.0,ë‹¤ì†”ì°Œ
sendbird_group_channel_87059582_b1119f8a9dee448668bb3f119b925adc17763f10,2022-09-12,2022-09-12,1.0,1.0,6.0,6.0,6.0,0.0,0.0,0.0,ê³ ë®¬
sendbird_group_channel_87078230_9ddc3656e310be756064656e05d80304b2837352,2022-09-27,2022-09-11,17.0,3.0,652.0,217.33,1.0,3.0,30.0,10.0,ì§„ëƒ
sendbird_group_channel_87174185_974f60b0672b1d101878cb1f5efe1ef15ea733a8,2023-01-18,2022-10-12,99.0,15.0,30.0,2.0,2.0,0.0,0.0,0.0,ê¹¡ë§ˆ
sendbird_group_channel_87192220_d24de75ca70318e060e7b1c6cbc88875406e55a7,2023-01-20,2022-09-04,139.0,20.0,6266.0,313.3,154.0,1.0,50.0,50.0,ë£¨ì—˜(Ruel)
sendbird_group_channel_87222963_4d186fa2d81219ae37f63ddc4eeef890859c7aef,2022-10-05,2022-10-05,1.0,1.0,21.0,21.0,21.0,0.0,0.0,0.0,ì•¼ìì™€ë¯¸í˜¸
sendbird_group_channel_87254310_39bda22281550d806cc920db154cca8f78c802ed,2023-01-06,2022-11-15,53.0,8.0,2.0,0.25,1.0,0.0,0.0,0.0,ì•„ë¡œ
sendbird_group_channel_87265544_e1232271b35d7437e3b104c930be85977d81f2b1,2023-01-19,2022-09-13,129.0,19.0,94.0,4.95,2.0,0.0,0.0,0.0,í”¼ë„¤ë‹˜
sendbird_group_channel_87278086_8bfe3dd10fca2789332f135172074a7648c47e6f,2023-01-13,2022-11-04,71.0,11.0,3.0,0.27,1.0,0.0,0.0,0.0,
sendbird_group_channel_87289011_195a4970d30a7ee715bb5f8a78142ab5eda1e98a,2022-12-13,2022-09-06,99.0,15.0,6.0,0.4,1.0,0.0,0.0,0.0,í”„ë¦¬ë‹›
sendbird_group_channel_87294678_dd76a34eeb1e2a5297d3f48d64ccc1b9f35e6dd8,2022-09-18,2022-09-04,15.0,3.0,16.0,5.33,2.0,0.0,0.0,0.0,í‚¤ì£¼
sendbird_group_channel_87302537_7e3dd1dc97e3c04ca6b5844ce4ee38d9b252b853,2023-01-16,2022-12-07,41.0,6.0,70.0,11.67,1.0,0.0,0.0,0.0,ì´ìˆœì •
sendbird_group_channel_87319035_99cd1779a08466ed039b78dc2873540e1a513495,2022-11-09,2022-09-04,67.0,10.0,95.0,9.5,1.0,0.0,0.0,0.0,ì„¤ì±„ì´_
sendbird_group_channel_87333836_ceb780c21ad2606839a1af939fc46a79786e0223,2023-01-15,2022-09-19,119.0,17.0,241.0,14.18,8.0,0.0,0.0,0.0,ë‹¨íŒ¡íŒ¡
sendbird_group_channel_87346973_e947da30197f5e70c305446f0ff89cd47c53a80c,2022-10-18,2022-09-04,45.0,7.0,24.0,3.43,5.0,0.0,0.0,0.0,ì´ê·¤ë½_
sendbird_group_channel_87349714_9b698e28cb91f751c89c1b56ec4136b9f92f76e3,2022-11-09,2022-09-04,67.0,10.0,6010.0,601.0,438.0,0.0,0.0,0.0,ğŸ“ì•„ì¹´ì˜
sendbird_group_channel_87354252_7d3e88f5a8c0f2bf3c365435a92bfde299060d72,2022-11-15,2022-09-06,71.0,11.0,22.0,2.0,4.0,0.0,0.0,0.0,ë¼ì´ë„¤ë¼(LiNela)
sendbird_group_channel_87373463_4954c589fb137e92b2f87ffa154b020bee43a007,2022-10-30,2022-10-30,1.0,1.0,1.0,1.0,1.0,0.0,0.0,0.0,
sendbird_group_channel_87376017_11ccab25b63990ec3aed29a1bf61508ea815fe99,2022-12-28,2022-09-04,116.0,17.0,101.0,5.94,1.0,1.0,10.0,10.0,ì´ˆì—´
sendbird_group_channel_87415599_db7c3f4e43179dc4d8a9be606c5450351a18f791,2022-11-06,2022-09-06,62.0,9.0,9.0,1.0,1.0,1.0,50.0,50.0,Coomo
sendbird_group_channel_87440224_9e55de3ef65289af5c6c4d1637713f8ed51dcef1,2023-01-20,2022-10-13,100.0,15.0,246.0,16.4,241.0,0.0,0.0,0.0,í´ë…•
sendbird_group_channel_87513005_37dee8aba79bed10258dc8c90e1812b13f92193c,2022-11-03,2022-11-03,1.0,1.0,2.0,2.0,2.0,0.0,0.0,0.0,ëª©ì¸„ë¦¬
sendbird_group_channel_87530792_0fbb0548b0680517fe85f22861938da5814a0229,2023-01-15,2022-09-07,131.0,19.0,65.0,3.42,9.0,0.0,0.0,0.0,ë°ë“€
sendbird_group_channel_87550841_130158ec2eb2210f8d6e86585038ddf49a98e8cf,2022-10-31,2022-10-31,1.0,1.0,1.0,1.0,1.0,0.0,0.0,0.0,Npick
sendbird_group_channel_87555896_c5906204657022ebc3079195da2af8c40f2f8dee,2023-01-09,2022-11-11,60.0,9.0,7.0,0.78,4.0,0.0,0.0,0.0,ë¯¸ë‹ˆì–¸ê³ ë¦½
sendbird_group_channel_87576703_d8803142e49807cd879be6c37ca64fd7087cd240,2023-01-20,2022-10-23,90.0,13.0,718.0,55.23,27.0,3.0,55.0,18.3,ë¡œë³µ
sendbird_group_channel_87583562_3c89b7519774aec2c0e5790fa8a704ec37ebe201,2022-10-17,2022-09-22,26.0,4.0,9.0,2.25,1.0,0.0,0.0,0.0,ì²œë¯¸_
sendbird_group_channel_87612975_42b084196679989b6edbf18d3cfdc3ff600d090e,2022-11-13,2022-11-13,1.0,1.0,1.0,1.0,1.0,0.0,0.0,0.0,ìŸˆê³ ìŸˆê³ 
sendbird_group_channel_87655000_814b757e6fe581fa310353056d24da9aee287270,2023-01-01,2022-09-04,120.0,18.0,426.0,23.67,8.0,0.0,0.0,0.0,ìœ ë³´ë¯¸
sendbird_group_channel_87689514_db05c63134a684d0c7dbe76809a83631346e78d2,2022-12-27,2022-09-30,89.0,13.0,44.0,3.38,1.0,2.0,150.0,75.0,í•˜ë‚˜ë‚˜
sendbird_group_channel_87699695_62cae189b0b92b2853fb15d83234506bd16fd844,2022-12-02,2022-09-19,75.0,11.0,19.0,1.73,3.0,0.0,0.0,0.0,ì´ì•¼ê¸°
sendbird_group_channel_87729073_f478925bdf345012cd6706a7ea4c880dfa33750b,2023-01-20,2022-09-05,138.0,20.0,395.0,19.75,157.0,0.0,0.0,0.0,í•˜ë‹¤___
sendbird_group_channel_87775520_e27103455a8f5e2705cb54c1d53f9d3dbe02feeb,2022-09-27,2022-09-27,1.0,1.0,1.0,1.0,1.0,0.0,0.0,0.0,íˆ¬ì›¬
sendbird_group_channel_87786942_a07d27c49b8c9d1655d8e38ee181ca85627acfca,2022-09-12,2022-09-12,1.0,1.0,1.0,1.0,1.0,0.0,0.0,0.0,ê°±ê°±__
sendbird_group_channel_87814213_848e124b06b9113b6f4cc2def2721bd8c0be17a1,2022-10-31,2022-10-15,17.0,3.0,42.0,14.0,1.0,0.0,0.0,0.0,ë‘ë¶€_í•œëª¨
sendbird_group_channel_87835854_537c0adaf261d20b2760f551ff4ba375a92031ba,2022-12-28,2022-09-05,115.0,17.0,22.0,1.29,2.0,0.0,0.0,0.0,ê³¨ë¬´777
sendbird_group_channel_87837725_a9843f05d63c150bd073e6627b28dd1f144e715d,2023-01-19,2022-09-06,136.0,20.0,810.0,40.5,23.0,2.0,40.0,20.0,ë´„ë¥­
sendbird_group_channel_87905685_a36f6160958a91827ae50f594f4131659f33ce0c,2022-11-30,2022-09-14,78.0,12.0,3.0,0.25,1.0,0.0,0.0,0.0,ìˆœë§m
sendbird_group_channel_87916650_ab4328b033f815ca417f99ec09569b9b9863ef2d,2023-01-20,2022-09-04,139.0,20.0,22160.0,1108.0,71.0,0.0,0.0,0.0,íˆë°ì˜ˆìš”
sendbird_group_channel_87971137_5f1a8273a7f2024da2634dc84e6e7e5d2363b15a,2023-01-18,2022-09-04,137.0,20.0,434.0,21.7,29.0,0.0,0.0,0.0,ë®¤ë¥´ë¥´
sendbird_group_channel_87984057_4622ac61922bb305a9bdd78a693e87eb22f94994,2022-11-21,2022-10-14,39.0,6.0,2.0,0.33,1.0,0.0,0.0,0.0,íŒ¬ì‹¬ ìƒë‹´ì‚¬ì–¸ë‹ˆ
sendbird_group_channel_88044934_43f73bb778871da2119700fc46ba66e844dbc3d1,2022-10-27,2022-09-05,53.0,8.0,94.0,11.75,12.0,0.0,0.0,0.0,_ì„¸í˜„
sendbird_group_channel_88147366_96eb4463ae4e72673b0d9a18c13cae602dedba59,2022-09-23,2022-09-23,1.0,1.0,5.0,5.0,5.0,0.0,0.0,0.0,ì§„í†µì œ_
sendbird_group_channel_88149834_7ee86e3bbfa91958b57ff43b03566a2329be849d,2022-09-27,2022-09-21,7.0,1.0,91.0,91.0,91.0,0.0,0.0,0.0,ë¬¸í˜œë¦°
sendbird_group_channel_88154173_e2fcc758048391cc4c0db2f5c44ad4f808cf734c,2023-01-20,2022-09-04,139.0,20.0,10941.0,547.05,438.0,0.0,0.0,0.0,ì°¡ìŠ¤
sendbird_group_channel_88950504_2e806ea8bf0ab44eaa5fb93978529427c2053262,2023-01-20,2022-09-04,139.0,20.0,20145.0,1007.25,189.0,88.0,2250.0,25.6,ğŸ’ì²´ë¦¬ì‰¬_ë¯¼ì˜ë³´
sendbird_group_channel_89212853_983e922e72b5cd3ad5d858ded2e464c1a14220d4,2023-01-20,2022-09-04,139.0,20.0,2412.0,120.6,112.0,2.0,43.0,21.5,ìƒ¤ë©”ì´ã‚·ãƒ£ãƒ¡ã‚¤
sendbird_group_channel_89259477_354b1858c0cae5975e4866d705d4a386b4b360ba,2022-11-21,2022-09-04,79.0,12.0,55.0,4.58,3.0,0.0,0.0,0.0,í¥ë…•
sendbird_group_channel_89307945_cd7cae0da88108ed5a37e54950ddc35b400193a1,2022-12-18,2022-09-04,106.0,16.0,79.0,4.94,2.0,0.0,0.0,0.0,â¤ï¸ko_moong (ì½”ë­‰)
sendbird_group_channel_89313098_a2d0eccde8e67036e7c2bf8856cc744ff31539ce,2022-12-10,2022-09-09,93.0,14.0,28.0,2.0,1.0,6.0,80.0,13.3,íˆë¼ì‚¬ì™€í•˜ë‚˜
sendbird_group_channel_89671623_1ddce12b81544481a7af9e86d9e3f2430f931094,2023-01-18,2022-09-11,130.0,19.0,427.0,22.47,6.0,0.0,0.0,0.0,ìš°íˆí›
sendbird_group_channel_89885200_85afe3627c99dc96c22fd09286f93166f8e49e3e,2022-10-22,2022-09-04,49.0,7.0,202.0,28.86,7.0,0.0,0.0,0.0,ì™€í˜œì¸ì´ë‹¤
sendbird_group_channel_89888672_e2da6a82ee5a6a8bc6c776cdc230741d0a7e49b3,2022-09-06,2022-09-06,1.0,1.0,1.0,1.0,1.0,0.0,0.0,0.0,ì©¡ìš°ì…ë‹ˆë‹¹
sendbird_group_channel_89902128_9075f7c77f50fb1e9fcbc618407aafcc3042c117,2023-01-20,2022-09-04,139.0,20.0,4534.0,226.7,277.0,11.0,1660.0,150.9,ë°•í‹¸ë‹¤
sendbird_group_channel_89939017_5d92753dd838235ebee2617f3446a6a8707fc3c5,2022-12-24,2022-09-04,112.0,16.0,291.0,18.19,1.0,17.0,1236.0,72.7,ì•„ë¼7
sendbird_group_channel_89988522_d90bca96a6a0d88858b3fae0ff5d1ffb801702d6,2023-01-20,2022-09-04,139.0,20.0,4350.0,217.5,110.0,18.0,2753.0,152.9,í•˜ê¿ˆ
sendbird_group_channel_90030668_9cc32b071f19b26153e16360e994a11de1c7c9b4,2023-01-20,2022-09-04,139.0,20.0,1153.0,57.65,59.0,0.0,0.0,0.0,í™ì„¸ë¹„
sendbird_group_channel_90050223_dc5125ec205519c2ac639f65ccd94401db10523a,2023-01-09,2022-09-04,128.0,19.0,47.0,2.47,3.0,0.0,0.0,0.0,ìš°ì•„ì•„ã…‡ã…‡ã…‡
sendbird_group_channel_90064004_6125bb982ddf4526f051b1cea7d8658f00eb96de,2022-12-31,2022-11-01,61.0,9.0,18.0,2.0,2.0,0.0,0.0,0.0,ì¹˜ì¦ˆë¯¸
sendbird_group_channel_90081979_f57975cf667c07f13cb86aa0cc8a062332398a83,2023-01-20,2022-09-04,139.0,20.0,9193.0,459.65,644.0,7.0,290.0,41.4,ë¼ë§ˆ1004
sendbird_group_channel_90095139_b2c40556db1588f9acc22ae0dc0f2228860a1ccc,2023-01-20,2022-09-04,139.0,20.0,8665.0,433.25,413.0,27.0,2023.0,74.9,ë‚˜ëŠ”ì•¼ê¼¬ë“±ì–´
sendbird_group_channel_90143974_adec6eae9862b25c95007b4a9b5374d45a4a0803,2023-01-20,2022-09-04,139.0,20.0,10553.0,527.65,310.0,6.0,3030.0,505.0,ì• ìˆœì´
sendbird_group_channel_90164793_a4a882def6c2f6069449bcb7b50014ab782791f6,2023-01-20,2022-09-16,127.0,19.0,489.0,25.74,12.0,0.0,0.0,0.0,ë””ë¡¬
sendbird_group_channel_90175115_2b5002b7a07d02b0932d7539b5e8ea863cc11b63,2023-01-19,2022-09-04,138.0,20.0,1964.0,98.2,52.0,2.0,130.0,65.0,ê¸ˆì†”
sendbird_group_channel_90184329_0aa724ff6881aba39c1fe57ceac4e1eb2df380da,2023-01-18,2022-09-06,135.0,20.0,685.0,34.25,9.0,2.0,40.0,20.0,ì£ ë¬¼
sendbird_group_channel_90214263_6c20c584e0e545da6d936fd090c59bdff77461cb,2023-01-20,2022-09-10,133.0,19.0,7790.0,410.0,321.0,3.0,180.0,60.0,ì œë¡œ_
sendbird_group_channel_90215289_f260a1aef9a67fc8727ce3cf4a9de63ae419afc6,2023-01-20,2022-09-04,139.0,20.0,5859.0,292.95,117.0,1.0,50.0,50.0,ìœ í‚¤ëƒ¥
sendbird_group_channel_90225707_d990c4333a485d78fa29ee6fba972bdda39f87ce,2023-01-20,2022-09-04,139.0,20.0,3533.0,176.65,272.0,2.0,150.0,75.0,ë§¤ë“œí•´í„°
sendbird_group_channel_90227072_fd54005c6cfc5d7788c7b762537fd49d54a265f2,2023-01-20,2022-09-04,139.0,20.0,6528.0,326.4,186.0,8.0,110.0,13.8,ğŸ–¤ê¸°ë˜ë¯¼
sendbird_group_channel_90442439_efe4dfcea2b19d4ba1fdbcd8417d0c6bb5700bb7,2023-01-15,2022-09-05,133.0,19.0,296.0,15.58,15.0,2.0,100.0,50.0,ì†œì‚´ë‘
sendbird_group_channel_90446642_c9eea8a3a56fa56d744c3173441f27c15b5e1ebb,2023-01-20,2022-09-04,139.0,20.0,14355.0,717.75,527.0,56.0,5690.0,101.6,ìœ ì€_
sendbird_group_channel_90466206_5dd567489b064cfe3ae02feef47d8e236742bb44,2022-09-29,2022-09-29,1.0,1.0,1.0,1.0,1.0,0.0,0.0,0.0,ë³„ì•„
sendbird_group_channel_90508521_84e4dad7f19abf8d6a325f72bc94edc08604f7a9,2023-01-20,2022-09-04,139.0,20.0,2609.0,130.45,46.0,1.0,50.0,50.0,ê¹€ì¨°
sendbird_group_channel_90512134_887705eaee80b4fd581c35cf9e6f2d47c9b79094,2023-01-06,2022-09-04,125.0,18.0,101.0,5.61,1.0,2.0,63.0,31.5,ê³ ëŒ€ë¼ì•„ë¦¬
sendbird_group_channel_90519581_dbfbeb48a982725636717fa7f81b903abfdfaf22,2022-11-02,2022-09-04,60.0,9.0,149.0,16.56,14.0,0.0,0.0,0.0,ì˜¤ëŠ˜ë‚´ì¼ìë§¤
sendbird_group_channel_90524524_ce532935677619d3ebd80e2ad33aeff92b270c35,2022-09-19,2022-09-04,16.0,3.0,61.0,20.33,4.0,0.0,0.0,0.0,ã†ë¨€ì‹œë¡œã†
sendbird_group_channel_90526401_f2ee6d270a640100c5f7e80dd70119ee0d6285f6,2023-01-20,2022-09-04,139.0,20.0,2276.0,113.8,82.0,10.0,1310.0,131.0,ì†Œí¬ë¥´
sendbird_group_channel_90584763_e7b41d72ca4a6efdef2d11c6c7efd4a9e9ed57a8,2023-01-08,2022-09-04,127.0,19.0,18024.0,948.63,1.0,15.0,1520.0,101.3,ì •ë‹¤ë³„ì´
sendbird_group_channel_90591611_28e21f08aab139a5e24c553fd908be493df264e1,2023-01-07,2022-09-04,126.0,18.0,41.0,2.28,34.0,0.0,0.0,0.0,_ë‘ë¶€ì•¼_
sendbird_group_channel_90605056_7bd160306237a0a823ca58c4d22b3a88be68a0c6,2022-12-18,2022-09-04,106.0,16.0,104.0,6.5,2.0,1.0,100.0,100.0,ê³ ìš” Goyo
sendbird_group_channel_90621992_ac9d1fa408eee35164477e0a907c33df825f4ce6,2023-01-12,2022-09-25,110.0,16.0,1752.0,109.5,2.0,4.0,105.0,26.2,ë£¨ì½”
sendbird_group_channel_90641131_d932635796fb0a4904cdef185772fef326f602b6,2023-01-18,2022-09-04,137.0,20.0,778.0,38.9,2.0,4.0,230.0,57.5,ê¹€ì„¤í•˜
sendbird_group_channel_90683697_dc65fb5afa9b3c6dfae1b4cf4361c433a796d7e5,2023-01-20,2022-09-04,139.0,20.0,1957.0,97.85,8.0,25.0,3314.0,132.6,ìœ ë‹¤íˆ__
sendbird_group_channel_90801702_9bcedb15ac2c03ad7828e76bad0beec536d06e7c,2022-11-19,2022-10-29,22.0,4.0,27.0,6.75,24.0,0.0,0.0,0.0,ë§ŒëŠ¥ë°©ì†¡ manneung
sendbird_group_channel_90863793_15d27a6ad0ea225f4547c61b2b6f7fd58989e4b7,2023-01-20,2022-09-04,139.0,20.0,46980.0,2349.0,94.0,217.0,2746.0,12.7,ìœ  ì•¤ğŸŒ¸
sendbird_group_channel_90920514_32daa5ddd568b29cd7c1721d4d26b6e0209e58a2,2023-01-12,2022-09-04,131.0,19.0,2950.0,155.26,1.0,4.0,335.0,83.8,ê°•í¬ë˜
sendbird_group_channel_90984190_b62ef43823ae1dedfed7350d89a1565feb96650b,2023-01-20,2022-09-04,139.0,20.0,1778.0,88.9,320.0,0.0,0.0,0.0,ê³ ëƒ¥
sendbird_group_channel_91041463_0d10348bfe5f1537a471363ba7e19f9309a39f78,2023-01-09,2022-09-04,128.0,19.0,335.0,17.63,1.0,1.0,50.0,50.0,í‹°ë¯¸ë“œASMR
sendbird_group_channel_91106127_7571bdddbd0f3839afd39e8598ee0afa6f5e98ea,2022-11-11,2022-09-04,69.0,10.0,332.0,33.2,1.0,0.0,0.0,0.0,ê°“ë¦¬íƒ€
sendbird_group_channel_91313349_b70f28117905e1e55360fb798f7bb0e5a8cd212a,2022-12-23,2022-09-04,111.0,16.0,149.0,9.31,1.0,1.0,100.0,100.0,ë¯¼í•˜ë£¬_
sendbird_group_channel_91346385_ab859215778e29fdf269b48dfa919d8ee033a621,2022-09-09,2022-09-07,3.0,1.0,63.0,63.0,63.0,0.0,0.0,0.0,Yeonwoo15
sendbird_group_channel_91370453_66e1d4e0256bff6495d7929204802516b94a9ec1,2022-09-21,2022-09-04,18.0,3.0,60.0,20.0,24.0,0.0,0.0,0.0,ì°¨ìœ¤
sendbird_group_channel_91378786_d8acf654a8fd5b1c28a7e495be47d2f111ab30fc,2022-09-18,2022-09-05,14.0,2.0,9.0,4.5,1.0,1.0,10.0,10.0,ëŒ€ë§ˆì™•
sendbird_group_channel_91411291_0497f0911a427f956462f9091002d499f3125320,2022-09-15,2022-09-15,1.0,1.0,2.0,2.0,2.0,0.0,0.0,0.0,íˆë¶€ë¦¬ì•¼
sendbird_group_channel_91476844_515e5f650f2f87827ab2a22e374242cef9a4058b,2022-10-24,2022-10-24,1.0,1.0,1.0,1.0,1.0,0.0,0.0,0.0,ì—¬ë‹ˆë¦°
sendbird_group_channel_91492197_0d59eaefd4d3912cc0064e05b9018efb3df8ff8e,2022-11-20,2022-09-04,78.0,12.0,4050.0,337.5,80.0,7.0,226.0,32.3,ë°ˆìˆ˜ë¦¬
sendbird_group_channel_91555574_a1de6fe93459776b56ca37498280bb52e2cfa9e4,2022-10-31,2022-10-11,21.0,3.0,42.0,14.0,9.0,0.0,0.0,0.0,ë´„ì²´ë¦¬
sendbird_group_channel_91556464_a04901bfc36f320006d6ff544a1747941a4cceeb,2023-01-17,2022-09-04,136.0,20.0,9724.0,486.2,166.0,9.0,170.0,18.9,í•˜ë£¨ì§±
sendbird_group_channel_91581493_f9e16fc4438125f56bd0ba3e27e7b44541ecfcea,2022-11-02,2022-09-04,60.0,9.0,505.0,56.11,3.0,0.0,0.0,0.0,ë¹„í† Vito
sendbird_group_channel_91589778_df6b9c20a628120ef108a3f8023564839d70fbe2,2022-12-14,2022-09-23,83.0,12.0,23.0,1.92,12.0,0.0,0.0,0.0,ë§ˆë ˆ í”Œë¡œìŠ¤
sendbird_group_channel_91605281_3d5ef38b29d04f88a3025f72de419f4af7e5268a,2022-11-12,2022-09-04,70.0,10.0,17.0,1.7,1.0,0.0,0.0,0.0,ê¹€í•˜ë…¸_
sendbird_group_channel_91675350_9da6e93e6978dca1ed4f6a5c0eb6fe80a4c4f98d,2022-11-11,2022-09-04,69.0,10.0,861.0,86.1,13.0,0.0,0.0,0.0,ì™•ìë‹¤
sendbird_group_channel_91727326_382505ee4431931fa882c695c1744c70518f43fd,2022-09-18,2022-09-05,14.0,2.0,12.0,6.0,3.0,0.0,0.0,0.0,ë„ˆêµ¬ë¦¬ì…€2
sendbird_group_channel_91853241_d4893a7b5700a1a30e2ba5f9f51998cdc7570d60,2023-01-19,2022-09-04,138.0,20.0,7911.0,395.55,20.0,43.0,1414.0,32.9,ì•„í†°
sendbird_group_channel_92081349_0d8372f3b205d6d224cf9bc72ab416a184237630,2022-10-05,2022-09-05,31.0,5.0,915.0,183.0,343.0,0.0,0.0,0.0,í•˜ë‚˜ëª¨
sendbird_group_channel_92092387_4a6118df4ffd3201598e6114efe6c50a7e0b3acb,2023-01-20,2022-09-05,138.0,20.0,6800.0,340.0,227.0,5.0,150.0,30.0,ê²¨ìš°ë””
sendbird_group_channel_92171265_ce3eeff8b24017372a8825fe89fd1b8394315f13,2022-09-15,2022-09-05,11.0,2.0,76.0,38.0,12.0,1.0,100.0,100.0,ë‹¤ì •ë‹˜
sendbird_group_channel_92178729_c08b6d3027caa00c3f6b7dc86af30c42f6536d84,2022-09-14,2022-09-06,9.0,2.0,2.0,1.0,1.0,0.0,0.0,0.0,í•˜í•˜í˜¸í˜¸
sendbird_group_channel_92185773_36fd657fc0855e2a88303bf4e7c8fc861b6c0aee,2023-01-12,2022-09-06,129.0,19.0,184.0,9.68,4.0,0.0,0.0,0.0,ì •ë‘ì½©
sendbird_group_channel_92251141_65b471b5e5ecbaaab668e1a83d197483e2809133,2023-01-20,2022-09-06,137.0,20.0,12109.0,605.45,622.0,23.0,763.0,33.2,ì•™ìŸˆ
sendbird_group_channel_92261746_333ccb519b6dbc217855a03d3fad6c920c902323,2023-01-20,2022-09-06,137.0,20.0,12029.0,601.45,33.0,0.0,0.0,0.0,ëª¨êµ¬
sendbird_group_channel_92280528_bb1148216c54f7b138d6798262da032358a4f845,2023-01-20,2022-09-06,137.0,20.0,7458.0,372.9,817.0,9.0,213.0,23.7,ë„ë¼ì„ ì¥
sendbird_group_channel_92285512_94bad1533c25254ccd74d89a45986bff224e564e,2023-01-20,2022-09-06,137.0,20.0,15292.0,764.6,618.0,10.0,300.0,30.0,ìˆ‘ì•„
sendbird_group_channel_92303671_4d4362ec2f3e5158347de0633538e9efa8c87950,2023-01-20,2022-09-07,136.0,20.0,12552.0,627.6,521.0,10.0,345.0,34.5,ë§ë‘ë³µìˆ­ì•„
sendbird_group_channel_92346141_60f4ea506a0beaf2e26d44014df7fb05166589d6,2023-01-20,2022-09-07,136.0,20.0,4339.0,216.95,100.0,3.0,80.0,26.7,ìº‰ë‚œë‚˜
sendbird_group_channel_92353369_60c076e83315f735581058f9bcfdd1356998936d,2023-01-20,2022-09-07,136.0,20.0,6338.0,316.9,321.0,42.0,1885.0,44.9,ì§„ì§œë¬¼_
sendbird_group_channel_92367465_de81e4efe83d408a815c816778f738c1e256c8b0,2022-12-05,2022-09-07,90.0,13.0,1937.0,149.0,9.0,0.0,0.0,0.0,ë“œì—‰ì´
sendbird_group_channel_92371253_65633a7af1268346273e25f67daedefdede6376a,2022-10-29,2022-09-13,47.0,7.0,2.0,0.29,1.0,0.0,0.0,0.0,NpickJudy
sendbird_group_channel_92379051_2621fa1e16088ef2e175891c883739806bd2307c,2023-01-18,2022-09-07,134.0,20.0,94.0,4.7,2.0,16.0,620.0,38.8,ë´„ë¯¸
sendbird_group_channel_92384927_8bfe01648d264c1cbf35876cc47ddc89fba855e5,2023-01-20,2022-09-07,136.0,20.0,6021.0,301.05,122.0,3.0,70.0,23.3,ìœ¤ê°œêµ´ì´
sendbird_group_channel_92412368_c5334ac4db476bd89baf273e395afa3a7163e759,2022-10-03,2022-09-08,26.0,4.0,62.0,15.5,2.0,0.0,0.0,0.0,ì´ìˆ˜ì–Œ
sendbird_group_channel_92463338_51b5887db52390d2fe0e767794df904edf59f198,2023-01-19,2022-09-08,134.0,20.0,1189.0,59.45,3.0,2.0,45.0,22.5,í•´ê¹Œë‹¥ì—¬ìš¸ì´
sendbird_group_channel_92477422_5550b94ddb6495d8c3b52b3ddf0100e0fb7fa727,2023-01-19,2022-09-08,134.0,20.0,396.0,19.8,14.0,0.0,0.0,0.0,ì´ë£¨ë¦¬
sendbird_group_channel_92486671_54754bb4ab461f52276930b825e49ff6281726ec,2023-01-20,2022-09-08,135.0,20.0,9571.0,478.55,463.0,10.0,225.0,22.5,_ì½”íˆ
sendbird_group_channel_92493211_aba760880b1add3d4c1b952820407ec693939ae7,2023-01-18,2022-09-08,133.0,19.0,1608.0,84.63,60.0,0.0,0.0,0.0,ë°ë””ë¡±
sendbird_group_channel_92508692_63d07713a7fb4edba4c85d03b03da05c3139233a,2022-09-29,2022-09-08,22.0,4.0,60.0,15.0,3.0,0.0,0.0,0.0,ë¹„ëª½
sendbird_group_channel_92560993_8bc530ff525a487a331cbda9567997b56977eacd,2022-10-10,2022-09-28,13.0,2.0,20.0,10.0,9.0,0.0,0.0,0.0,ì´ì„œì´
sendbird_group_channel_92565807_5d11a66a89f866c3c2a03ab1ccb9f254ef58ff6a,2023-01-20,2022-09-09,134.0,20.0,2286.0,114.3,110.0,22.0,1241.0,56.4,ë‰´ë‚˜ë‘
sendbird_group_channel_92609401_be53480b7f0e46c1abf201cbafed8c359640f7c4,2023-01-20,2022-09-09,134.0,20.0,8592.0,429.6,393.0,7.0,273.0,39.0,ìœ„í‹°
sendbird_group_channel_92671944_1ea536bccc342d5aae06692f5284d04c1e3ba0c9,2023-01-20,2022-09-14,129.0,19.0,190.0,10.0,37.0,0.0,0.0,0.0,ì•„ë¥¸ë‹˜
sendbird_group_channel_92812350_cef9805d6ff7466358fca2a4c4a21fe933e143c2,2022-09-12,2022-09-11,2.0,1.0,4.0,4.0,4.0,0.0,0.0,0.0,ëŒ€ë§ˆì™•2
sendbird_group_channel_92815432_f332de65baafe972cbf7ba8e320cc003d5ad4174,2022-10-25,2022-09-11,45.0,7.0,40.0,5.71,1.0,0.0,0.0,0.0,ê·œì—°
sendbird_group_channel_92819315_317a5b0fd75c2e91f8c83b8f89a4d2d372173346,2022-11-30,2022-09-11,81.0,12.0,194.0,16.17,16.0,2.0,100.0,50.0,í‘¸ìŠ¤ìŠ¤
sendbird_group_channel_92829128_5974e59b622bfc40d116cf2b32e5b1455fe4b66c,2022-10-26,2022-09-11,46.0,7.0,98.0,14.0,1.0,1.0,30.0,30.0,ë‹¨í’ë¹„
sendbird_group_channel_92874289_c0bed81767b986561ba354f188d4e8772fcb4861,2022-12-18,2022-09-12,98.0,14.0,420.0,30.0,2.0,2.0,40.0,20.0,ë‚˜ì˜¤
sendbird_group_channel_92876900_50cfbdb7203f061bf0c5f1f3934ddd5ed3744380,2023-01-20,2022-09-12,131.0,19.0,3125.0,164.47,31.0,0.0,0.0,0.0,ì´ì¥¬ì§±
sendbird_group_channel_92896224_87d0720641e1ee6e1eaf8b9fec9f95cf5e18baf3,2023-01-20,2022-09-12,131.0,19.0,4513.0,237.53,197.0,24.0,760.0,31.7,ê¹€í™€ë¦­
sendbird_group_channel_92898152_fc76af73046e9acbc8b2a8805d4daa3bdf754038,2023-01-17,2022-09-12,128.0,19.0,9500.0,500.0,99.0,264.0,4977.0,18.9,ë„¤ë¯€ë‹˜
sendbird_group_channel_92960482_de65180e83fbe1cbf57c48081992010c8ee4e6cc,2022-11-11,2022-09-13,60.0,9.0,289.0,32.11,3.0,1.0,100.0,100.0,í‰ë²”ì…ë‹ˆë‹¤!
sendbird_group_channel_92985528_a03f9d7ebf6f4c26f66d514e8eff5d7518b6af19,2022-09-13,2022-09-13,1.0,1.0,4.0,4.0,4.0,0.0,0.0,0.0,cel1
sendbird_group_channel_92985563_cacd90cab52ed543f6609c84ac12f610d1519ea2,2022-09-13,2022-09-13,1.0,1.0,11.0,11.0,11.0,0.0,0.0,0.0,cel2
sendbird_group_channel_92985651_7b7489793ba3c7692c44e8f41e3d5c653d45728c,2022-09-13,2022-09-13,1.0,1.0,2.0,2.0,2.0,0.0,0.0,0.0,cel3
sendbird_group_channel_92986328_49d9846cdbac6b1d63b58ba560ff895913f9b64e,2023-01-20,2022-09-13,130.0,19.0,28500.0,1500.0,848.0,3.0,700.0,233.3,Yewon
sendbird_group_channel_92998630_57e61ced70a3f6f84079ccde9cd368cd2b8580dd,2022-09-13,2022-09-13,1.0,1.0,2.0,2.0,2.0,0.0,0.0,0.0,ì…€íŒ”ë‹‰ë„¤ì„ì„ì—„ì²­ê¸¸ê²Œí•˜ë©´ì´ê²Œí‘¸ì‹œì—ì„œì˜ë¦¬
sendbird_group_channel_93017214_41e7aadd8cc2222a541e10b67e1635ceb579f7e2,2023-01-20,2022-09-14,129.0,19.0,3061.0,161.11,5.0,5.0,760.0,152.0,ğŸ‘¿ë¥´ë¦‰ì´
sendbird_group_channel_93018912_fb5414a8224f0de6e2a66941d427ab6f78c25aa5,2022-10-12,2022-09-13,30.0,5.0,72.0,14.4,1.0,5.0,145.0,29.0,ì •ê·¸ëŒ
sendbird_group_channel_93031096_c7c2acd47757a2a78f04bd51e8a51981031e2931,2023-01-20,2022-09-13,130.0,19.0,3168.0,166.74,84.0,25.0,433.0,17.3,ì˜ˆì½©_
sendbird_group_channel_93040189_7fb8b8df6900d8d07a4410a15cbf5e976d8f7c98,2022-09-17,2022-09-17,1.0,1.0,5.0,5.0,5.0,0.0,0.0,0.0,í•œì†Œìœ¨_
sendbird_group_channel_93076710_29b272c5e8ac16a75521dac44c0e796a9dd00bc2,2022-09-14,2022-09-14,1.0,1.0,2.0,2.0,2.0,0.0,0.0,0.0,sd
sendbird_group_channel_93085909_2db01396d42a3f103f5b076c87c92e4c0e7ca04f,2022-10-30,2022-09-14,47.0,7.0,463.0,66.14,66.0,0.0,0.0,0.0,ë¹„ì¥¬
sendbird_group_channel_93091418_72875c71b5e5bb1a6fe02685760b2871277f99cf,2023-01-20,2022-09-14,129.0,19.0,2049.0,107.84,76.0,13.0,300.0,23.1,ì†Œì—°ì´__
sendbird_group_channel_93099368_eed4dd03b8f3343e1b2492300a8c0a75c93a12e4,2022-09-21,2022-09-21,1.0,1.0,1.0,1.0,1.0,0.0,0.0,0.0,ìˆ˜ë°ë§ëª½
sendbird_group_channel_93108244_85f69c94eca43a7095716f5994f0c3ca8a6f5973,2022-12-04,2022-12-04,1.0,1.0,1.0,1.0,1.0,0.0,0.0,0.0,ì•„ì¹´ì´_ìš”ë£¨
sendbird_group_channel_93110548_4794afda2f859700854b96943085da08fb31b174,2023-01-20,2022-09-14,129.0,19.0,22068.0,1161.47,809.0,1.0,35.0,35.0,ë¹ˆì„œì•„
sendbird_group_channel_93144213_d4428ec6d77ffd32ffe938166db473f362350a69,2022-10-14,2022-09-15,30.0,5.0,2.0,0.4,1.0,0.0,0.0,0.0,nobleasmr
sendbird_group_channel_93151605_c86ad42ab658041c746b42c71cc3f661d364ade1,2022-11-04,2022-09-15,51.0,8.0,2365.0,295.62,326.0,1.0,50.0,50.0,ì†œ
sendbird_group_channel_93159693_6e22ad534691bc1f649dfb571668a09503e69005,2022-12-27,2022-09-15,104.0,15.0,197.0,13.13,1.0,0.0,0.0,0.0,ì„¤ì—ë‹ˆ
sendbird_group_channel_93170305_9fdad04f0e1c6f99ab8d6759836e00ecb1b9f815,2023-01-09,2022-09-15,117.0,17.0,1505.0,88.53,5.0,1.0,50.0,50.0,í•œë¼ë´„
sendbird_group_channel_93195320_01c2128c592a5f78dbc1c5f6271729d75cb67d76,2023-01-13,2022-10-26,80.0,12.0,8.0,0.67,1.0,0.0,0.0,0.0,â¤ï¸ì˜ˆë‚˜â¤ï¸
sendbird_group_channel_93204183_413a35d15e5c830f0ba87ba75568fd2e44477d6a,2023-01-20,2022-09-16,127.0,19.0,7029.0,369.95,290.0,700.0,9191.0,13.1,ê¸€ë¼ì„¸
sendbird_group_channel_93247234_c0e8f1d76da8d6668a95b981be061daa5decf169,2023-01-01,2022-09-23,101.0,15.0,1783.0,118.87,13.0,0.0,0.0,0.0,ë¯¸ì•„_
sendbird_group_channel_93303888_5a89db39604f1cea1d5535a72f10684465cd696d,2022-12-06,2022-09-16,82.0,12.0,17818.0,1484.83,1.0,3.0,210.0,70.0,ë•…ì½©ì´ì•¼
sendbird_group_channel_93348046_670fa259f6f93600d0cb9a13b6a58bcf50d79c86,2022-12-06,2022-09-17,81.0,12.0,401.0,33.42,1.0,0.0,0.0,0.0,Martina Rose
sendbird_group_channel_93437444_0aae41efadd1c277b6c9ed10cb7be47f4746ff3d,2022-09-19,2022-09-18,2.0,1.0,11.0,11.0,11.0,0.0,0.0,0.0,ê·€ìš¤íš¨ë‹ë€¨
sendbird_group_channel_93466953_e63f14787d5c4e489775afe8adc78c66b6a822df,2022-10-23,2022-10-01,23.0,4.0,5.0,1.25,2.0,0.0,0.0,0.0,ë¦¬ë£½ì´
sendbird_group_channel_93476112_02cf0d855917d99daf4e9da85529e405479ec4e8,2022-09-18,2022-09-18,1.0,1.0,4.0,4.0,4.0,0.0,0.0,0.0,ì…€ì—´ë²ˆì§¸íì—‰
sendbird_group_channel_93476146_e03c98a066e7b622157d3811df069e9fdd0ea054,2022-10-29,2022-09-18,42.0,6.0,96.0,16.0,1.0,0.0,0.0,0.0,ë°•ë½€ì–‘
sendbird_group_channel_93550013_984f03388277f506cb837775f5f3041717a57cf9,2023-01-19,2022-09-19,123.0,18.0,2302.0,127.89,60.0,13.0,1570.0,120.8,ì± ë¯¸
sendbird_group_channel_93589824_c6b8883797bd63d4938bcb035df4dd5566289b51,2023-01-04,2022-09-19,108.0,16.0,75.0,4.69,1.0,0.0,0.0,0.0,ë‚˜ì„
sendbird_group_channel_93605417_76f3d1f19fac3cf963d3b2f9f40c7781198867b5,2023-01-20,2022-09-20,123.0,18.0,2108.0,117.11,178.0,0.0,0.0,0.0,ì´ì¥¬ì°¡
sendbird_group_channel_93607018_e92f618cf3a0c603e07f664e078ef11e24be1077,2022-10-16,2022-10-14,3.0,1.0,27.0,27.0,27.0,0.0,0.0,0.0,ì¡°ì´ì›”
sendbird_group_channel_93655655_0279c0841b074d41959706a2591038c7aa1198f3,2022-11-07,2022-09-26,43.0,7.0,183.0,26.14,19.0,0.0,0.0,0.0,ì±„ìˆ˜ë¯¼
sendbird_group_channel_93666283_3bae24a03c063c1aecf57cf5ecc34dbfee5008bd,2022-09-22,2022-09-22,1.0,1.0,1.0,1.0,1.0,5.0,50.0,10.0,cha18ting
sendbird_group_channel_93737738_8fe7d036b9e6e2c4d92bb851ba309d2b790866f5,2022-12-26,2022-09-21,97.0,14.0,2092.0,149.43,5.0,0.0,0.0,0.0,ê³ ë­ì´
sendbird_group_channel_93784198_b383e32df774ac76f2f73fd8a6ad4e2afa824f0f,2023-01-20,2022-09-21,122.0,18.0,37897.0,2105.39,1206.0,7.0,409.0,58.4,ë°•ì˜¥ì
sendbird_group_channel_93798466_a14359242ca4595e04d3089977760b5b9d87ea09,2022-12-18,2022-09-23,87.0,13.0,17.0,1.31,2.0,0.0,0.0,0.0,ê³µë¶€í•˜ëŠ” ë°±ì„¤ê¸°
sendbird_group_channel_93849702_d6c366e65dfabd7de3f94667869ab810d4697f66,2023-01-16,2022-09-23,116.0,17.0,59.0,3.47,1.0,0.0,0.0,0.0,â¤ï¸ì´ˆì´ë‘CHOIRANGâ¤ï¸
sendbird_group_channel_93933931_a916952a5136d3975f4d45213e845b3658ad41f4,2023-01-20,2022-09-23,120.0,18.0,3923.0,217.94,371.0,2.0,310.0,155.0,_ë„¤ë¦°
sendbird_group_channel_93941410_1a77981ca0d248bd7835a48e3a30edba2219ec7d,2023-01-20,2022-09-23,120.0,18.0,6105.0,339.17,214.0,2.0,20.0,10.0,í•˜ë§í•˜ë§í•˜ë§í•˜ë§í•˜ë§
sendbird_group_channel_94031253_ed88c6babb873f36ba628a497a0b2dba6777e820,2023-01-19,2022-09-24,118.0,17.0,114.0,6.71,4.0,0.0,0.0,0.0,í•˜ê¼¬ë‹˜
sendbird_group_channel_94044137_e539c1f96050945e3f543920f78f3eff5d5f580d,2022-12-28,2022-11-20,39.0,6.0,110.0,18.33,25.0,0.0,0.0,0.0,ì„í”¼ë””
sendbird_group_channel_94070327_17ef4e05fa7263db35e76a9fc66b83ba3bc90c17,2023-01-20,2022-09-24,119.0,17.0,17975.0,1057.35,499.0,7.0,1403.0,200.4,ì†Œí’ì™”ë‹ˆ
sendbird_group_channel_94090804_376d632796b9675b280848ce066f8c80395aff11,2022-09-25,2022-09-25,1.0,1.0,3.0,3.0,3.0,0.0,0.0,0.0,ì—°í•˜ë‘ _
sendbird_group_channel_94102728_d6fe0b4f526f17b70a547c934264e942a525b8e5,2022-12-26,2022-09-25,93.0,14.0,7.0,0.5,2.0,0.0,0.0,0.0,ì€ì‹.
sendbird_group_channel_94117492_226a5687a4b5480c8d47a444d3159730b9b7f656,2022-10-01,2022-09-29,3.0,1.0,19.0,19.0,19.0,0.0,0.0,0.0,ìœ ë¦¬ë³´
sendbird_group_channel_94130968_0a976166633ed2476f8964ec2cf6fd539b6795fe,2022-11-03,2022-09-25,40.0,6.0,1771.0,295.17,27.0,0.0,0.0,0.0,ë²¼ë‹´
sendbird_group_channel_94140848_273f243547513593c8a2ac13757ace6a943cc824,2022-10-13,2022-10-04,10.0,2.0,14.0,7.0,3.0,0.0,0.0,0.0,ìš°ìš°ìš°ì£¼
sendbird_group_channel_94187871_8788410991677590587dbc9a7651b1a6371891ae,2022-11-02,2022-09-26,38.0,6.0,82.0,13.67,5.0,0.0,0.0,0.0,ì²­ë‹¤ë ¹
sendbird_group_channel_94193298_89911e340bc0f1eaf0a6e506f4c166128dcbc075,2022-12-07,2022-09-26,73.0,11.0,3590.0,326.36,397.0,0.0,0.0,0.0,ì°¨ë§¹
sendbird_group_channel_94329951_5a94079a707f4b965df1f4dba455f43bf024ddb7,2023-01-16,2022-09-27,112.0,16.0,1431.0,89.44,2.0,1.0,10.0,10.0,í„í„ì•¼
sendbird_group_channel_94426644_8e6c98d493529e966bd539cabb377322e58f6d23,2022-12-25,2022-12-25,1.0,1.0,1.0,1.0,1.0,0.0,0.0,0.0,ë”°ëˆ
sendbird_group_channel_94453414_022019f033894ffaf7ef98a1e96e8d4449980bb5,2022-11-15,2022-09-29,48.0,7.0,499.0,71.29,26.0,0.0,0.0,0.0,íš¨ì˜
sendbird_group_channel_94456786_aac39ee9d3971117ff9f056668ad4758160f1a36,2023-01-03,2022-09-28,98.0,14.0,14524.0,1037.43,1.0,2.0,20.0,10.0,íˆìš”ì½”
sendbird_group_channel_94480210_ca20c6bf06d2a12a11cf39848d709b823250c48e,2023-01-18,2022-09-28,113.0,17.0,1877.0,110.41,66.0,1.0,50.0,50.0,ê³ ìœ ì‚¬
sendbird_group_channel_94516740_608949752e067685ec73cfa3491f2b90ab79c542,2023-01-20,2022-09-28,115.0,17.0,2065.0,121.47,24.0,6.0,190.0,31.7,ê¹€í–¥ë‹¨
sendbird_group_channel_94566117_2c33597599809de8a922a9061f9674b3365bc81e,2023-01-20,2022-10-07,106.0,16.0,3971.0,248.19,33.0,9.0,490.0,54.4,ë‚™ì°Œ
sendbird_group_channel_94640240_bf8c4c7d86cd0fcd7b7dff8c95b594169d074bab,2022-11-16,2022-10-24,24.0,4.0,7.0,1.75,2.0,0.0,0.0,0.0,ì¸„ë¹„ë¹„
sendbird_group_channel_94777256_5290e7f41642cf83816aece1a99dc0a093fa4002,2023-01-19,2022-10-03,109.0,16.0,626.0,39.12,32.0,0.0,0.0,0.0,ì˜ì‹¤_
sendbird_group_channel_94910387_1566dc77a77a0ba1b1e85a85faeb37ffb45dc088,2023-01-20,2022-10-03,110.0,16.0,1848.0,115.5,201.0,4.0,100.0,25.0,ğŸ¼í•œìš°ìœ 
sendbird_group_channel_94911829_28b55ad8fd9e40a092cc3a2c40d788cab2f29d42,2022-10-31,2022-10-02,30.0,5.0,175.0,35.0,28.0,0.0,0.0,0.0,ê³°ì•„ë¦°
sendbird_group_channel_95193234_fe13fff1331cae16e336ef3b5968f23e59a3d01c,2023-01-20,2022-10-04,109.0,16.0,4320.0,270.0,88.0,25.0,250.0,10.0,ë°¤ì–‘ê°±
sendbird_group_channel_95196969_72c37a9b406fd2a58e7ecd34ea1bce3e11fe695f,2023-01-19,2022-10-16,96.0,14.0,2943.0,210.21,319.0,0.0,0.0,0.0,ê¹€ëª½ëŒ€
sendbird_group_channel_95204749_f92ec8c95857350e94fc7b91b97370cabda471f4,2023-01-20,2022-10-04,109.0,16.0,895.0,55.94,20.0,0.0,0.0,0.0,ë‹¨ì—¬ìš¸
sendbird_group_channel_95333723_1990546247d22fa124b9503201f1a762ff4f85c9,2022-10-09,2022-10-05,5.0,1.0,7.0,7.0,7.0,0.0,0.0,0.0,ë£¨ì•„
sendbird_group_channel_95354490_6e79007f9880469698ebf966ea4ef367c62feada,2022-10-10,2022-10-10,1.0,1.0,1.0,1.0,1.0,0.0,0.0,0.0,mc509
sendbird_group_channel_95366311_37f6214645f0653cf7aa29105ba08a4fe3619ffa,2022-11-07,2022-10-05,34.0,5.0,1112.0,222.4,216.0,0.0,0.0,0.0,ë¼í…Œì–‘
sendbird_group_channel_95366947_b7e01de35f677b94b26a6b2e58dbbb241a18d0c8,2023-01-20,2022-10-07,106.0,16.0,4372.0,273.25,159.0,14.0,1218.0,87.0,ë¦¬ë¦¬ì¹˜
sendbird_group_channel_95437812_1fbec73fb16a32977d25992dc64c128a08273cab,2023-01-17,2022-10-06,104.0,15.0,365.0,24.33,2.0,0.0,0.0,0.0,ì–¼ë¼ë¦¬
sendbird_group_channel_95521400_46877511099cfb17fe6f264d1d588a6b31fff9c4,2022-12-06,2022-11-13,24.0,4.0,2.0,0.5,1.0,0.0,0.0,0.0,í•˜ë£¨_1o
sendbird_group_channel_95738595_6ef03070707b758ce4f8e61c2d7a61c2749e6238,2022-12-02,2022-10-08,56.0,8.0,183.0,22.88,1.0,0.0,0.0,0.0,ì¼ë£¨ì „í•˜íŠ¸
sendbird_group_channel_95941002_0b0f78190cacb70b7483d4a985e6a1bcabe3fdc5,2022-12-19,2022-10-10,71.0,11.0,238.0,21.64,1.0,0.0,0.0,0.0,ë³µì°Œ
sendbird_group_channel_96003830_fa20a838970dc75ab26f06b7dd2c9416ea8c972b,2022-12-11,2022-10-09,64.0,10.0,593.0,59.3,1.0,0.0,0.0,0.0,ì‚¬ì•…ì´
sendbird_group_channel_96017112_942ccea3a44f8b1cffb734334482a1b16a4ec9be,2022-11-20,2022-10-10,42.0,6.0,23.0,3.83,5.0,0.0,0.0,0.0,ìµœê³ í•˜ì˜ì´
sendbird_group_channel_96063712_b48e022e8d71dee8eca4d4e84aea33326c1ad898,2022-12-09,2022-10-10,61.0,9.0,208.0,23.11,1.0,0.0,0.0,0.0,ì•„ë©”ì•„í†  ì•„í‚¤ë¼
sendbird_group_channel_96142249_f849af92eac1e547616e941bb29e33e75ecce705,2022-11-16,2022-10-12,36.0,6.0,338.0,56.33,1.0,0.0,0.0,0.0,í•´ë“ì´
sendbird_group_channel_96144082_8b6fb03c4f1982ce7e14fb0aba0ddf5692d182f0,2022-12-22,2022-10-11,73.0,11.0,91.0,8.27,1.0,0.0,0.0,0.0,ëµê¸€
sendbird_group_channel_96162923_04b8dc83cc4e62f24fef36c3f2f20cfd948ee0d2,2023-01-13,2022-10-11,95.0,14.0,337.0,24.07,2.0,9.0,1000.0,111.1,ë¦´ë¦¬ì‘ê°€
sendbird_group_channel_96238164_ef363887ca990e387a2362f3b800e1410cf6debf,2022-10-12,2022-10-12,1.0,1.0,19.0,19.0,19.0,0.0,0.0,0.0,í•˜ì´ë¦°
sendbird_group_channel_96313297_920db8f97decf86b3455dbacc1850b4b67ed6246,2023-01-07,2022-10-13,87.0,13.0,480.0,36.92,1.0,1.0,10.0,10.0,ë¸”ë ˆì´ì¦ˆXíŒ¬ì‹¬M íŒ¬ë¯¸íŒ…
sendbird_group_channel_96364007_4ebc03083352ca27adfc78756cf2ee765338c38c,2023-01-19,2022-10-13,99.0,15.0,921.0,61.4,7.0,0.0,0.0,0.0,ë ˆì´ì§€ ë¸”ë£¨ë””
sendbird_group_channel_96404526_ed5772d92833bfbca823c829865f1666922228a7,2023-01-20,2022-10-17,96.0,14.0,16516.0,1179.71,20.0,2.0,110.0,55.0,ë¸”ë ˆì´ì¦ˆ ìµœì˜í›ˆ
sendbird_group_channel_96404588_31e805541eb503c3f140f7a176341ea399fb65c1,2023-01-13,2022-10-17,89.0,13.0,2393.0,184.08,139.0,3.0,53.0,17.7,ë¸”ë ˆì´ì¦ˆ ë°°ì„±ë¹ˆ
sendbird_group_channel_96404702_002671f28b894a549e7635396fd42f10094e7eec,2023-01-12,2022-10-17,88.0,13.0,2512.0,193.23,3.0,0.0,0.0,0.0,ë¸”ë ˆì´ì¦ˆ ìœ ì°½í˜„
sendbird_group_channel_96404739_7e6bb872ecd412336cf010ce139dbd4a87f435de,2023-01-08,2022-10-17,84.0,12.0,2967.0,247.25,4.0,4.0,115.0,28.8,ë¸”ë ˆì´ì¦ˆ ê¹€ë‹¤ì›
sendbird_group_channel_96418850_9edff118926cf5cd0d8354bfe9739580e1a5b68b,2023-01-04,2022-10-13,84.0,12.0,55.0,4.58,3.0,1.0,33.0,33.0,Kik5o
sendbird_group_channel_96440769_0c7a2767934e36882caaed0e4fe0f401e3499053,2022-12-18,2022-10-15,65.0,10.0,285.0,28.5,4.0,4.0,80.0,20.0,ì¬ì¤€
sendbird_group_channel_96501592_c5cebd99041fc3f74dfc24035d7427c7867920e0,2022-12-05,2022-10-18,49.0,7.0,969.0,138.43,24.0,0.0,0.0,0.0,ë¡œë¼ìŠˆ
sendbird_group_channel_96626199_5d707b42f08fdb94188f7a52ffb0885f0a835b47,2022-10-25,2022-10-15,11.0,2.0,21.0,10.5,11.0,0.0,0.0,0.0,ì¿ ë§ˆë§ˆí•˜ë‚˜ë¹„
sendbird_group_channel_96630071_1b026b9a373f1cb6a7c88e3589276080a448b160,2022-12-07,2022-10-15,54.0,8.0,183.0,22.88,8.0,0.0,0.0,0.0,ë‹¨
sendbird_group_channel_96680865_7072b814ae16c2e1150e61564ca9739a7e959d5e,2022-12-03,2022-11-07,27.0,4.0,13.0,3.25,4.0,0.0,0.0,0.0,ìµœì—°ìˆ˜
sendbird_group_channel_96686711_5a895c27da6276b1d90ceb2fbafb2272f2d6b009,2022-11-08,2022-11-07,2.0,1.0,7.0,7.0,7.0,0.0,0.0,0.0,ì¡°ì˜ì¡°ì˜  ë¹„ì„œ
sendbird_group_channel_96731688_40537e74d003bd2964bb59dbadd0dbf69bfcce97,2022-11-17,2022-10-16,33.0,5.0,10.0,2.0,1.0,1.0,50.0,50.0,ë ›ëƒ£
sendbird_group_channel_96802783_7d3805859d3ad47bf0210700013f471b7641a888,2022-10-18,2022-10-17,2.0,1.0,29.0,29.0,29.0,0.0,0.0,0.0,ì…€ëŸ½ë¯¼ì§€
sendbird_group_channel_96814321_f71e3ec538af0ca3ad8ac065683941448a341777,2022-10-19,2022-10-19,1.0,1.0,2.0,2.0,2.0,0.0,0.0,0.0,mcel49
sendbird_group_channel_96847575_c6a26efbaf0b4a0d7607a7465a4b69109bf11faa,2023-01-18,2022-10-18,93.0,14.0,478.0,34.14,64.0,0.0,0.0,0.0,ëšœëšœëšœë„
sendbird_group_channel_96925950_11f6317a26be452ee768a69c09d765cd61d6c77a,2023-01-20,2022-10-18,95.0,14.0,3853.0,275.21,21.0,15.0,722.0,48.1,ë¡œì¦ˆì¨ˆ
sendbird_group_channel_96937359_eed46843322e26a4f08ada7ffa49e117e9a761db,2022-11-16,2022-11-16,1.0,1.0,1.0,1.0,1.0,0.0,0.0,0.0,í•˜ë¹ˆ_0620
sendbird_group_channel_96979708_0d389a59b21b7f087dec183e9bf026192a0990ff,2022-11-03,2022-11-03,1.0,1.0,2.0,2.0,2.0,0.0,0.0,0.0,ë¹¼ë¹¼ë¡œ ì´ë²¤íŠ¸ë°©
sendbird_group_channel_96990881_06095fd0b281c7c75e141272221422bc6c314d26,2023-01-20,2022-10-19,94.0,14.0,10701.0,764.36,275.0,7.0,230.0,32.9,ë‚˜ëŠ”ë£¨ë‹¤
sendbird_group_channel_97001342_e4812456e485318bc7684f4d5fa5dfc66a266a01,2022-10-29,2022-10-19,11.0,2.0,83.0,41.5,37.0,0.0,0.0,0.0,ì†Œë¯¸ìœµ
sendbird_group_channel_97021417_c1d9c48734fe6d293049b41987f0e916fd9d558d,2023-01-15,2022-10-19,89.0,13.0,195.0,15.0,25.0,0.0,0.0,0.0,ì—ë¥´ë®¤
sendbird_group_channel_97111481_1fa353bb6baa253b5f3a9669833826401f01cb4a,2023-01-20,2022-10-21,92.0,14.0,1899.0,135.64,57.0,0.0,0.0,0.0,ì•„ì§€ìˆ˜
sendbird_group_channel_97120589_730f0acda6f1855b7c251d44a5c4b7c24f6079c7,2023-01-20,2022-10-21,92.0,14.0,11081.0,791.5,121.0,329.0,9202.0,28.0,ìœ¤ì´ìƒ˜
sendbird_group_channel_97138797_d186bd7d16a8a562f8bc8a7e41cd8bd9019fde11,2023-01-20,2022-10-21,92.0,14.0,2071.0,147.93,174.0,7.0,70.0,10.0,í•˜ìŒíŒŒ
sendbird_group_channel_97166585_d4245423cfa8f8922840102f2437fd66b9c18273,2023-01-20,2022-10-21,92.0,14.0,1501.0,107.21,98.0,0.0,0.0,0.0,ì„œí…Œë¦°
sendbird_group_channel_97167434_de698dd61fdb5417a52534843227b008a1ec3301,2023-01-16,2022-10-21,88.0,13.0,131.0,10.08,2.0,0.0,0.0,0.0,ë¼ë¥´í•˜ìŠ¤
sendbird_group_channel_97192499_741fc0a3d266c4b2972903fd8b561b4644646959,2022-10-24,2022-10-22,3.0,1.0,119.0,119.0,119.0,0.0,0.0,0.0,ì„¸ë‚˜ëƒ¥
sendbird_group_channel_97309775_f1ba615bedf90b816e96ba105531c8501b6312d4,2023-01-20,2022-12-05,47.0,7.0,1480.0,211.43,380.0,0.0,0.0,0.0,ì´ì•„ê¹½
sendbird_group_channel_97327451_5964dc59f136b21fcc68ba380d7ad7aa2fe34593,2022-12-18,2022-10-23,57.0,9.0,318.0,35.33,1.0,0.0,0.0,0.0,íƒ€ë¯¼
sendbird_group_channel_97366000_262820a4df864099ee38e9957f93d4ec5e944309,2022-12-27,2022-10-25,64.0,10.0,99.0,9.9,1.0,1.0,20.0,20.0,ì´ì‚°íƒ€
sendbird_group_channel_97447346_b40d9a28835ffdf24c49a8858dab2c1066662e6a,2023-01-13,2022-10-25,81.0,12.0,1054.0,87.83,4.0,0.0,0.0,0.0,êµ¥ì•„ë‹˜
sendbird_group_channel_97455483_7dc084dc0d29a2f1477387445786d7cd728457fd,2023-01-20,2022-10-25,88.0,13.0,6073.0,467.15,561.0,15.0,625.0,41.7,ê³ ë§ìˆ™
sendbird_group_channel_97510357_79d3e975d75a4ac5000905b1a8445a600d7c100b,2022-10-25,2022-10-25,1.0,1.0,4.0,4.0,4.0,0.0,0.0,0.0,ì€ìœ 
sendbird_group_channel_97993606_fcd332028203b2ffa7ac86e26ceeee04c076609d,2023-01-17,2023-01-17,1.0,1.0,2.0,2.0,2.0,0.0,0.0,0.0,yiyul7777
sendbird_group_channel_98045394_6526cb5d133f22d1c3fdd4c6869054cd178e7dff,2022-10-28,2022-10-27,2.0,1.0,6.0,6.0,6.0,0.0,0.0,0.0,í‹°ì˜¤ë„¤
sendbird_group_channel_98045788_bf107b68831f946c9247d5e274ddd32164433b18,2023-01-20,2022-11-03,79.0,12.0,628.0,52.33,35.0,1.0,100.0,100.0,ë©˜ì‹œ GMENCY
sendbird_group_channel_98099717_6a03be7d125e6d3cb2aaf92394c4f5e8287d494e,2022-12-27,2022-10-28,61.0,9.0,7151.0,794.56,2.0,0.0,0.0,0.0,ê¹…ì˜ˆì†”
sendbird_group_channel_98117477_3ee946c56e9dcc3bc3f115c71020800821ae9474,2022-12-23,2022-10-28,57.0,9.0,228.0,25.33,1.0,0.0,0.0,0.0,ì²œë•…ëœŒ
sendbird_group_channel_98162077_05e8eb91b211769651699d6a58af68ddc6888716,2022-11-10,2022-10-30,12.0,2.0,2.0,1.0,1.0,0.0,0.0,0.0,ì‹ ì„¸í¬
sendbird_group_channel_98165030_54ceb4a602f8c86134754234d3564cc399bc94ab,2022-10-29,2022-10-29,1.0,1.0,1.0,1.0,1.0,0.0,0.0,0.0,ì²­ì»¨
sendbird_group_channel_98209515_8cc72b323985efb8af521e0b11b24b3c2072a768,2022-11-16,2022-11-16,1.0,1.0,1.0,1.0,1.0,0.0,0.0,0.0,êµ­ì ë¶ˆë¬¸íŒŒí€´
sendbird_group_channel_98252362_a67489621e9224b27bae41511110e790c1ea7ec3,2023-01-15,2022-10-29,79.0,12.0,8510.0,709.17,274.0,3.0,250.0,83.3,ë§ˆì´ë¯¼
sendbird_group_channel_98342702_743c5d9dd54485205ac4f7df35d77b10a7ce0858,2022-12-01,2022-10-30,33.0,5.0,81.0,16.2,2.0,0.0,0.0,0.0,ë¯¼ì‹œì•„
sendbird_group_channel_98460675_7117b514f01d52715546270f4b089cdc52409f91,2022-11-06,2022-11-06,1.0,1.0,3.0,3.0,3.0,0.0,0.0,0.0,â¤ï¸ë§ˆìŠ¤â¤ï¸
sendbird_group_channel_98609318_14f8daf369881cd97ab6c812f33b13c1891920ab,2022-12-24,2022-11-01,54.0,8.0,1186.0,148.25,103.0,3.0,60.0,20.0,í‚¹ì—°ì‹œ
sendbird_group_channel_98611320_be3ad2ae5cace62dbd44ee228f0c2a14cf8f8917,2023-01-09,2022-11-06,65.0,10.0,24.0,2.4,1.0,1.0,100.0,100.0,ì†Œì—°í™”
sendbird_group_channel_98614708_e4d011291592fc21f40ebd7d5145dbe2248ab9f8,2023-01-20,2022-11-02,80.0,12.0,2694.0,224.5,81.0,0.0,0.0,0.0,ë¯¸ì˜¨
sendbird_group_channel_98709996_88492743f00f3bac6bdcbfcc5b6d6ed9063ea509,2022-11-04,2022-11-02,3.0,1.0,69.0,69.0,69.0,0.0,0.0,0.0,í‹°ì˜¤
sendbird_group_channel_98856036_db7bb3bea8f2cd2ec29a13ca20476b71724e8477,2022-12-31,2022-11-07,55.0,8.0,242.0,30.25,4.0,1.0,30.0,30.0,ì£¼ë•ƒë‹¤
sendbird_group_channel_98890924_927d0bc4003bd0f01be4cce9bf55aa362b21c061,2023-01-19,2022-11-04,77.0,11.0,2969.0,269.91,17.0,1.0,100.0,100.0,í•˜ë‚˜ëª¨_
sendbird_group_channel_98949201_6f6bae095527724cf2f56a733d52eb0fea7fabee,2022-12-26,2022-11-04,53.0,8.0,18290.0,2286.25,679.0,1.0,30.0,30.0,ì¸ì•„ë¹µ
sendbird_group_channel_99228605_42598c3dfe6fd02d37da9a3b0c95302d72cf2461,2022-11-28,2022-11-06,23.0,4.0,2.0,0.5,1.0,0.0,0.0,0.0,ìš°ì¸„
sendbird_group_channel_99288220_d1ce1f3ac38e8f4747ced9d22a860f613bc3dc9c,2023-01-08,2023-01-08,1.0,1.0,1.0,1.0,1.0,0.0,0.0,0.0,íˆì‘
sendbird_group_channel_99303164_1f8603f0ca142baf1b2f71376c2eaeae36b07d63,2023-01-17,2022-12-22,27.0,4.0,10.0,2.5,3.0,0.0,0.0,0.0,ë”°ìŠ¤íˆ
sendbird_group_channel_99340851_03c4a8a60277abff5f1885c402a0526b074dd8cc,2022-11-25,2022-11-14,12.0,2.0,404.0,202.0,300.0,0.0,0.0,0.0,ê¿€ë¹µì§€
sendbird_group_channel_99347656_f2ff0162e079f3201d4b2f4da2f2a67634187b7b,2023-01-20,2022-11-07,75.0,11.0,7476.0,679.64,773.0,0.0,0.0,0.0,ì •ë¦¬ë² 
sendbird_group_channel_99348207_c62acd9d2a278f5664ca7efcdf6d38d2a5646c6f,2022-11-16,2022-11-07,10.0,2.0,27.0,13.5,3.0,0.0,0.0,0.0,ì¡°ëˆ„ë‹ˆ
sendbird_group_channel_99408435_a95e2ef9a6a1f199d484f2e0f87835733e020432,2022-12-27,2022-12-25,3.0,1.0,2.0,2.0,2.0,0.0,0.0,0.0,ì¡°ë”°
sendbird_group_channel_99433175_68049be5fb43dc0ef24a23bd5042cce027a65b7d,2023-01-08,2022-11-08,62.0,9.0,211.0,23.44,1.0,0.0,0.0,0.0,íŒ¬ì‹¬M ì—¼ì›í•˜ê¸°ğŸ™
sendbird_group_channel_99452240_36c9575153b4ba26c203535327a6809793a260e0,2023-01-20,2022-11-08,74.0,11.0,1225.0,111.36,86.0,6.0,793.0,132.2,ì°¨ì—¬ìš¸
sendbird_group_channel_99456856_4608fef0d0c267485f672e51a27c0bc367e49b7c,2023-01-05,2022-11-08,59.0,9.0,153.0,17.0,1.0,0.0,0.0,0.0,ì²«ëˆˆì—ë¿…
sendbird_group_channel_99486028_cf15a63ef244de447f972e07fb3adc8460c80022,2023-01-12,2022-11-09,65.0,10.0,107.0,10.7,1.0,1.0,100.0,100.0,ëª¨ëª¨
sendbird_group_channel_99533087_8f4447dcba0272bc31a85150f559017a717b06a1,2023-01-14,2022-11-09,67.0,10.0,83.0,8.3,8.0,1.0,10.0,10.0,ë£Œì•„
sendbird_group_channel_99575673_b543bd138a7da460543e4a49da513f1614f77781,2023-01-20,2022-11-09,73.0,11.0,1434.0,130.36,185.0,4.0,220.0,55.0,ìˆ˜ì¸ìˆ˜ì¸
sendbird_group_channel_99617751_54db025172e593db609d0c4fe9f5b2f8fdc219ef,2022-11-11,2022-11-11,1.0,1.0,2.0,2.0,2.0,0.0,0.0,0.0,í˜¸ì•„ìš”
sendbird_group_channel_99621966_f5fac7c65e4bdacdfaaf39ec116ee02970294321,2023-01-16,2022-12-27,21.0,3.0,216.0,72.0,6.0,1.0,10.0,10.0,ì„ë‘
sendbird_group_channel_99655539_17a911bb6dd25e1d1f1e3be126f3d9ceef3ad1e9,2023-01-18,2022-11-28,52.0,8.0,280.0,35.0,23.0,0.0,0.0,0.0,ì†Œë¯¸ë„ë‹ˆ somidony
sendbird_group_channel_99700178_fd9ce134b64cab5e815c5672c6453d53e6d2bbbe,2022-12-07,2022-12-07,1.0,1.0,1.0,1.0,1.0,0.0,0.0,0.0,ì¡°ì˜ì¡°ì˜  ë¹„ì„œ
sendbird_group_channel_99775214_3aa47eb39acb24f69e424707dc6f817947ecae0e,2022-11-29,2022-11-12,18.0,3.0,28.0,9.33,4.0,0.0,0.0,0.0,ê°ê°ğŸ‘€ğŸ’™
sendbird_group_channel_99795834_500b186865d605408b22e8774935cb2b7decbd86,2022-11-13,2022-11-13,1.0,1.0,1.0,1.0,1.0,0.0,0.0,0.0,ì†Œê¸ˆâ™¡
sendbird_group_channel_99850650_d7bd96328f34a17ae3e1d754f234f68a17304ce0,2022-11-19,2022-11-12,8.0,2.0,11.0,5.5,1.0,0.0,0.0,0.0,ì˜ˆì§€ë‹ˆë‹¹
sendbird_group_channel_99874745_64724648d72307db2142bc58979ea6e33e09855a,2022-11-12,2022-11-12,1.0,1.0,7.0,7.0,7.0,0.0,0.0,0.0,KoreAlo
sendbird_group_channel_99875351_3591638d2b87c2551d3521609dd4c3c19fae0d4b,2023-01-20,2022-11-12,70.0,10.0,1988.0,198.8,31.0,1.0,10.0,10.0,ìŠ¤ì¹¼ë › ì–¸ë‹ˆâ¤ï¸
sendbird_group_channel_99954388_1b9a4a36f692e3b4f9b39c0f520e43a498f6f12e,2022-11-13,2022-11-13,1.0,1.0,5.0,5.0,5.0,0.0,0.0,0.0,ì œì´ë‚˜
sendbird_group_channel_106586762_885644acd62565c9acf92a75ffbe7610c098601b,,,0.0,0.0,0.0,0.0,0.0,2.0,20.0,10.0,ì…€ëŸ½ ë‹‰ë„¤ì„t101
sendbird_group_channel_106691316_32b69be46e409b0f54ebc2a2401db2cc5235faf2,,,0.0,0.0,0.0,0.0,0.0,1.0,20.0,20.0,102
sendbird_group_channel_106706536_0eb613646a20c2c482b11ad4b8f16bf0d42753f8,,,0.0,0.0,0.0,0.0,0.0,3.0,30.0,10.0,105
sendbird_group_channel_106711954_0f7d773b3d96e144540000a66379a9a3d3b074b9,,,0.0,0.0,0.0,0.0,0.0,1.0,10.0,10.0,106
sendbird_group_channel_38640037_3e20f5c746e0a79dd9d5162c9cd94069d695363c,,,0.0,0.0,0.0,0.0,0.0,1.0,10.0,10.0,í•œë‚˜ë‘ ëšœëšœë‘ ì‚¼ë™ì´ğŸ”¥
sendbird_group_channel_39340896_78826e9dd72a93651e51b10137c1716fc41d34e8,,,0.0,0.0,0.0,0.0,0.0,1.0,100.0,100.0,ê¹€ë‰´ëŠ‰
sendbird_group_channel_49527853_907e8423143d0db52027000543a70f153f75bdc9,,,0.0,0.0,0.0,0.0,0.0,4.0,50.0,12.5,íŠœëƒ¥vlì˜¤êµ¬
sendbird_group_channel_49528027_aacd299c8a94b99bc475b83d25813bdf4e8957c5,,,0.0,0.0,0.0,0.0,0.0,1.0,10.0,10.0,ì´ˆí‚¤ì´ˆí‚¤
sendbird_group_channel_65602063_5de6c0fbdb282ea3005cf5f7d56a869ac6ce223e,,,0.0,0.0,0.0,0.0,0.0,1.0,100.0,100.0,ëŒ€ë§ˆì™•ì…€
sendbird_group_channel_77763481_f77393f8438556d85659442b4aec9163236f6715,,,0.0,0.0,0.0,0.0,0.0,1.0,100.0,100.0,
sendbird_group_channel_81774650_7cf53c1be8786cde629bd3369a196a2e568cccfa,,,0.0,0.0,0.0,0.0,0.0,1.0,10.0,10.0,mcel505
sendbird_group_channel_81990476_58db89eff45e1ddb29439cd3183419b67d5fdcbc,,,0.0,0.0,0.0,0.0,0.0,5.0,50.0,10.0,mcel30z1!ğŸ˜¯
sendbird_group_channel_87047168_f801d6870357aee5455be80da0b5a01e3d5be19b,,,0.0,0.0,0.0,0.0,0.0,3.0,50.0,16.7,ì´ì•¼
sendbird_group_channel_89938189_f0ae6ae914d013ff4734684dbc120faabddce28b,,,0.0,0.0,0.0,0.0,0.0,1.0,100.0,100.0,ì˜¤ë””ë¥´
sendbird_group_channel_93678156_2556341e045bb5e949452ccbd8c052857958d5a2,,,0.0,0.0,0.0,0.0,0.0,3.0,30.0,10.0,mcel40
sendbird_group_channel_95354568_7b070c37a5681beec7577b5f55a1d5c7e7393e89,,,0.0,0.0,0.0,0.0,0.0,8.0,90.0,11.2,mcel510
sendbird_group_channel_95501543_1de3375178cd51ba53364529ca06db4bf54c6332,,,0.0,0.0,0.0,0.0,0.0,7.0,816.0,116.6,ìš°ìš°ìš°ìš°ìš°ìš°ì£¼
sendbird_group_channel_97386858_66a252991456ede97cce43dd9933b2d9bf90b32b,,,0.0,0.0,0.0,0.0,0.0,17.0,180.0,10.6,mcel52
sendbird_group_channel_97386859_2935dc8a62ac7b1f6b276b21d7577976e095fa90,,,0.0,0.0,0.0,0.0,0.0,4.0,40.0,10.0,mcel53
